article,title,text_sha256
0,17.महाराजा महेश्वर सिंह,4dd7886b57641af0fcef15da09aad2d40ec99a43ba45c150596b8715c8748161
1,2 पल्लास,11b84fb9c47fe36978f3842f9be9379626d76ede02d7841e740db15586824297
2,Arundhati Roy,0bdfe7956d0e8bed5cdc469f776aa72a169193c69ad4ed41abb474de605cf413
3,Azadirachta indica,6b9aec235a445430839b990cdf2ebf60027ed25772d5cc3433874940077476a5
4,Roselle (plant),957e83cdca2f629af3d8611a352729a5fe1fb6b8a21a213633dfd0ce2875707c
5,Bihula bishari,6cb22e3a0370709362772ceabc2ea36d0e8139d3157c36fbf242ee049e1620e8
6,Sarojani nayadu ke jeevani,e9f463777842c205f21f3c916f5a692070bcb720cb61bd0e6851caab1bb18d03
7,2027 केरौ भारत के जनगणना,e06d02433dfe5ae2ab458e53346c88872d7846fb3b009d5c30b27f0ca4dc8848
8,The Virgin and Child with Saint Anne (Leonardo),a6d6a4c1c52a67422dcf3736a23eb7c8dd8ce5fd8edf6d4156903c4d25f574e9
9,Editing साँचा:Start date and age/doc,cb48f2f82ad7770b6268f6bf1d8fb391df07e8cc7a8fa329202d208d3b2b4439
10,अंकगणित,b4a12225093a5a4f69d669d68166dde9028a7dff1236e2e0ee8d45a9ba719b7f
11,अंकुरण,84697c294106e16e23ff964a0198df207ef93f9baf6282d45948c546413aa5e6
12,अंकोरवाट मंदिर,21a7f6b6b37d179cd9cb5f4e87ccec82f976c729eaff4f0eb549bbb150372c32
13,अंखफोड़वा कांड,a00ee233d1c00f75076265954942ee68e507a187b43ca38fdd595492317990bd
14,अंग,a32a28a75c5d8f008d78449f5b56f0aa9e4eecc5c8480aff133f4873f3071f46
15,अंग महाजनपद,4960d39afd8fa60205255205e04cf4daf72716a0777e4069f3f0c39e06477fc2
16,अंग लिपि,743408c582d8dc5ae0962da7fd56e49d3525fbf71457d8a3a1af477316c8d445
17,अंगकोर थोम,ef13f24a540b8d3b4389cab53e11852b293e29040863ca5841227decec596425
18,अंगकोरवाट मंदिर,d1370f653d45678fb105f7996fa4aa8bf317a77364bf959cbb75e0361f1e8440
19,अंगदान,c16929d44a6dad624ff4bb8f4b297583e3d356c82d3d3771e0e177ed7ed09e61
20,अंगमालि,4cc2f767587acc8a4f541c2d28af7767a33eeb3f608fe266bf86f9ad7d969d87
21,अंगामी भाषा,df771858c338e77da3654afabb5f6a856ef898ac96677c8026a352b91df6d502
22,अंगरायडीह दुमका,7dd646954e5d2c0c4be33c67992877561fa59fad176ae6e70c3fd81a27bb0ae2
23,अंगारडीहा पश्चिमी सिंहभूम,50fc34b7c17b6693c80d289210a0c8bb7ec2235e26ade2764dff06075ce86ddd
24,अंग क्षेत्र में गरुड़ के संख्या,11daadbf5aa56b3a5de9b7774bfadbd4441ed7a8d6326b53a87464f60330e3e9
25,अंगिका के प्रथम कवि सरहपा,ee9cc91fb99dc701432dc93f31fd1c05c6053db6be6a1723475a5d16e4d3b224
26,अंगिका के इतिहास,8bffefff774ff631835c37823bd21beb66feccf23deb336423f77fe598df3892
27,अंगदेश,ad8a4152e0f43d6b7b8a89099d20cd3b90e8eeb128c36ebc8b98a69a66be8351
28,Wine,bf0fbbe9f900d7872181cb4663b955635ea53b5d7748cae24e4b2f3ea3a87bb7
29,अंगिका भाषा,7c3703b042b053887dced2d68365997cc2ec459cb737628e1fe8a7805bb17889
30,अंगिका महोत्सव-२०१९,7615042a3b683d9d2da7034b8cddb284be3d21030cc347f87c5ea368f609d87f
31,अंगिका साहित्य,500bdbab5101af572101922e1daeb02c6d929dedba23a0fc53a3600a9bd33085
32,अंगुइला,91d34b5d67303a74e21260919a4f6a93efe13d5ee72c6d7b91d09cc9d5b92b7c
33,अंगुत्तर निकाय,d0367f714635911f65a58f5e41bd47431061f238f3c7b5a9882ac23fb9dabd7e
34,अंगूठा,a046747f459771495df37eafa72b0037f7de586d8fdee2f0c0c36c92b08f2849
35,अंगूठी,58b150e22388f08879f01abae800a8c7501ed355f9c2960e2fc002ee1add2dd3
36,अंगूर,874444b61bac6d8296c799203f74fc62938e73368dfe85023b59eb0fabc736ce
37,अंगोला,0a0fbccb1f4bcf7745185794e45adea263bed12236f22149eb76bf5ca096b557
38,अंग्रेज़ी गृहयुद्ध,2b00c86fc656acad20237ef2cd09740e5151af77740f96da54108d709af8ebd2
39,अंगिका विकिपीडिया,2030b381b20988ad115798bcf2fec5d3a54bcaae4eecd638bcc198b96f8178ab
40,अंगिका देवी देवता लोकगीत,988452b16087ebe14084c11d3f516518081ae963c8ca8db588ccdf419cd69d5d
41,अंगिका लोकगीत,223fbc202f6bf9388f37950fbad258e5b650dd01541ccee237d3ce9a602c3fb2
42,अंगिका भाषा केरो इतिहास,4eb0f3dc768475fdba6a0e7e0a8e2992c9afe0fa846fe34bf5238fd0b0a2d1d9
43,अंगिका संगीत केरो आधुनिक बदलाव,9919f24387d10fe2c01f94142bf5cee0afa7fae4e93308e3930536e0f05ab3ed
44,अंगिका भाषा के उत्थान लेली प्रयास,011af9cd75751f8e45ecc3dae74ced6077e6b39ad0de30553831bbfaaa37c99e
45,अंग्रेजी भाषा,54e112d65589658541194e9cebfee054d3650a0c44eafd56bcd40d4be7907808
46,अंग्रेजी शब्दकोश केरौ इतिहास,70ac51c8291a0e4a84434381a2c9cfa30eba40d3573888bbe6b23a31b42a114f
47,अंटार्कटिका,daa550979d39a9c09d79b439a2863b5d1ad205a0721e320b5d619589dfb6f98d
48,अंडमान आरू निकोबार द्वीपसमूह,4f19676f0a413df733b4fd0a6200de2ba90b882bd52321aa3940ca99e2301e89
49,अंडमान सागर,5af2407552c163c3f3453a1fe68387a637e0b4a9a2e4f16d61a716b61f0e30f7
50,अंडोरा,2824381cad3b2e4c9254dd73d9594519d05ad437467d8a455aee38b6bd0643f8
51,अंतरजाल,e3b990346724c12758af72694601750781cba818371064747442d211f49b319f
52,अंतरजाल पृष्ठ,f593ac32d53cc3f70ec5a9797c821c244c79dade973bfe323943ac27377028cc
53,अंतरराष्ट्रीय खगोलीय संघ,818f01d7e9cc41b21503c9be5124ab324e3a53f4dc26d9e845dbff63b11bcecd
54,अंतरिक्षीय अभियांत्रिकी,fbc20b4c5047929040983a66dab51ac5b8cdeee4d2b48d3d3ea4b4c3c0f9afbd
55,अंग्रेज़ी विकिपीडिया,5a62ae3081fa6bd714e0b6063c76923b6bce5c3ee09870d0fa03a2029ae61245
56,अंतरिक्ष यान,6b98be78cea8e9238f782e02307912511f23868f89c8f9c06aaf5bd5e67b4c9e
57,अंतरिक्ष,d724aed5131c9e28829e8d39f1355e5e8a05e9fe24d474a1925054f4dfaee1d9
58,अंतीचक भागलपुर,ce8c23ace7824f377528143b8144b81e93b5cf8af02d1c93943c3bcd8594dbf7
59,अंदीपुर दुमका,07c87ca0e517613c97a029277c2ed612cc6bc31ce30640e018b87b59ca9b1b29
60,अंध महासागर,b106a7e9c455638c7c2ec5d8392b0e089a98a77f11adea2acb3f79c76e5c884a
61,अंधकार युग,3bb9f56eb8242aaaf2bb69a1e987b624b5f8486a37671d687f337aa643d4e724
62,अंधरौपन,8d3eaf01bd225057cb29b4b2ed42acb0c2967508c09688eaf0bf8582417a5a96
63,अकन भाषा,d19daa23462d8c099590be0114bb4a444a0d8c6fba0a2b87361feae2e4f5dc50
64,अकबर,f31d470a587f3bddc780c0b9e7ba10297aa33f5bb511ec21d17635ae30a00bd6
65,अकबरनगर,22d4d48512587ddea54cb3f462de2fdc70420b5f07f9a4e51ad8aa35e8bce73d
66,अक्टूबर,19ce9ef2338786a4dc1b88eba34dfdcb906fc8512d92b98e6efc16ab5c69f19e
67,अक्रोत्तिरी आरो धेकेलिया,d127b499d95d3346eda853e7dca360120d52892e1f017606fa6423d900122e79
68,अखबार,e430c2ac92c257d041dbd690d786da1521c531ac4032864cdfa8c4a0a3780356
69,अगरतला,751567b4c459d2be38e1f0359d4ad93e8bee33438acc679b3793952f0d34b110
70,अगस्त,68ac1a33a3f3ea48abbdfe9649b0882079bad0bcedd4e534ef83687f7941f820
71,अजगैबीनाथ (सुल्तानगंज प्रंखड),fd997612d9ca59400be99935bb74ac16cc7de8324ef10f2fee86de002820ef8a
72,अखाड़ी पूजा,e59c4edabbbbbbca7e5ebb0f63ca484305b38c2a9a17e9f22e578af31d323f70
73,अंबा बांका,561e998ee9ad45d11b2f168be1f63b35314e3731c30217b921fc375b3d8ebcb4
74,अकबरपुर,3eb4d0d4566274fbc02b094590e45832efe2fbd5f300dfa0ff74b4deea8af98e
75,अकबरपुर भागलपुर,71f08dd466418a4665e4b50b0a3dc04ed374bb93afb93386d5dc307b8150f501
76,अगरिया जमुई,c6e89cadd80f9dfae031a42239b93a9db8487b580c9bed9c0a37e9a45ee85775
77,अजगैबीनाथ मंदिर,96183b9285fa949771578324cc1cddc6fe9a3c2850a8f9c4baec40dd14bcd86b
78,अजरबैजान भाषा,b041dfda8a5ec558a566be625bec397fb2e68a6f8f17b509feb5e436d0915d6f
79,अजरबैजानी भाषा,bed8aa845abc3953dde558167662f8381ea2fd84f8b0596b1ae167818020d9b3
80,अजा-गबी भाषा,d19daa23462d8c099590be0114bb4a444a0d8c6fba0a2b87361feae2e4f5dc50
81,अज्ञेयवाद,99c965e9a9564a1e26fa608f6c73718e0baed22c15a10234537e1a7f3d90c514
82,अटल बिहारी वाजपेयी,d4662d5a731c43f8ca238cf7f68d50c70c615ffbe1d150df66597ba69c9b2b0b
83,अणु,a6e293470f2361faf4d1d743671ea64348d85c0729e2022b2557157c7c907634
84,अद्रा पूजा,bb9b7c85145d7b764dcab8cb11f5e5d9c3d2edcc57fce5fe8f438c26e91bac4c
85,अधातु,2cb60e5fb8d86244e4d41b67b494aa1683c36542d2e6925d3414a6f40ed493c4
86,अधिकार (1971 फ़िल्म),b8e29c9ae53ace13ed32d5cbd269469d9dff8d0f5aeab5bd5a004a753844507a
87,अनसूया साराभाई,c8a211a3c6cd744472da46192d282b1646b31dd6dc956b101578ddd3b33733ca
88,अधिनवतारा,73013d3036e19e11f2172edae337767d8df0f71b858631489895653ac07278cb
89,अज़रबैजान,cb2e1e0c8d7f0feb5d3b28f6f4a5a83de072f95f1b94f077dfb1596c8570f126
90,अनामिका औंगरी,2bbba973d3470130d2d2c743059b546ae8d6da26e44bcfec0548f8755fbdc466
91,अन्वेषण,9be36f2c731512724f99e25d3b31fba325a72ed7e604cf7c8008bee839f53f56
92,अपना घर (1960 फ़िल्म),280d456c919544450ad190a404c3734156b7250c79eb688df78e9c1a193b464f
93,"अपरा,पंजाब",265010f2c636be484b31e6a1566980469570e890b9d6fa7c1ecd651e080b9854
94,अप्रैल,14c0599886a7561b81672fd9662b18de0c344915e90b03bc89f5da0cf1d0b309
95,अफगानिस्तान,045eaa89bcb9a89bbc9cff2c7046613cea3eb88517ac551504a72996a256845b
96,अफजुगंज,6412d612e55d2b9d04cfd66fd3d0ccc8460b4d62e31546a2ab27769cca7225d6
97,अफ़ार भाषा,c873b6d1ae66ee75a422c4adf2a41c839fac935f7fddfed574ae0679e29eef87
98,अफ्रीका,ec2da36ed9fbb06ed6fa847b86261d30b16c17f025572fdda2750e735cc84676
99,अपोलो १७,79522eb00b8da45e9a805823795b787f41e99f111c192db20136c9f8b7a86597
100,अनुवांशिकी,b0f6105d9eb548aa37aeee849f48a096bbeb92b6d8390721dabcd5851c39228e
101,अपुलियस,aff4988cac556c33c15ce795d34871a41975312f303c4e07589c70d00ddabbf6
102,अफ्रीका केरौ इतिहास,63f11df82f2dc5d3c79d5cf85c5453be9e5381aad1870ae5ef4c5834304dd8e2
103,अफ्रीका केरौ विभाजन,d1c5ee6db774e7512b6024fac7fa3007d30b4e7cc418ca0a3ea84b01f236319a
104,अफ्रीकी भाषा,d19daa23462d8c099590be0114bb4a444a0d8c6fba0a2b87361feae2e4f5dc50
105,अबखाज़ भाषा,87ae50733bf6d158dbcfe81cf66b06acd02af5ee39d0c83f1797806f9d7a9ccd
106,अबखाजिया,61836955562e2272dafebf5df67a0d9384498bc6beef19c98c5794546ccfb37f
107,अब्दुलपुर,fe77b59db0052f0a7590e387506d6151c5f915b8dca4b5c5225d3530d24cfef2
108,अभिनूतन युग,f8752ce8671870a482ee775acca77768aef3a65958fee17642594a5fd2fa9daf
109,अभियांत्रिकी,e97f9b63121e24893df873bd610fa7da964bce5693e7842a0867938d566b2136
110,अमरपुर,b4b9cf3c2849ce3f961ada6e1be18ef969755bb6f78234eeed2a6ed527005223
111,अमरावती (राजधानी),bac204ebf0f39726fbaa79d188ce66009c24aaa1a3daa38fb7b48ff8be0bade4
112,अभयपुर,7ec278514f7fd3d12abbbdc8c002d296ccbaf7bc54f6191e8c4502d1cea0b2ef
113,अमरथ जमुई,52d2cdefb06745779f9725ec8dc4facddf361a9942fb8ad8a2feb4fe0d12bf41
114,अब्दुल्लानगर - भागलपुर अब्दुल्लानगर,f6a8f18cc8c5f77f05767b2b6893e645e4e304259ce4e161d6fb87babc416d71
115,अमरपुर - भागलपुर,d323fb2c3b3aa06086be6020457079636cb696fefdd237a1a72eaa6d8d7aadf7
116,अमरादुम दुमका,9f0c3949790ad0bc8e12b02bfd8ad60aba5b234f748334f2542fd2e76cc868f0
117,अफ्रीका के भूगोल,110a02168941466161b1960f9139f671ca04afc250ff7d5c1f4c2d97a55dab47
118,अमरीकी गृहयुद्ध,df64c09374ea5a869f556edad1316dd983f42b76420147d26f628c21645eb807
119,अमवा,f91fa0e0bd26533cb6ba1c4028789672b3be82c91439f902c0b8806ad56539bb
120,अमेजन नदी,a2e5eed3e9228781dd3b61535f4b3ff00def565338d829ec15c0b5f44ee35e63
121,अमेथिस्ट,5a348c929245f6c145b2146a2d833f97f82ff9b40f3c347e7ee04d2f9b8cb816
122,अमेरिका,9384333a1d820609c203615408c41f17190ec5419b48b1cf227b9b10b0dc5833
123,अमेरिका केरौ खोज,ebfe46355d72ec49ab07816342160954ba1f71131e7ee25ef260e720754b3301
124,अमेरिकी फुटबॉल,1facea4abda6dc36bdc0635619b0b2626da1f8921157a5a8b57fe1b58ed81683
125,अमेरिकी सामोआ,c801ee866b38df572f6cd62498255ef94695aa3e42d290941953a637294f87f6
126,अमेरिशियम,98348ae8303640bde5b2dc0907ed648902fa2fab463661dce0e2b789180df176
127,अम्ल,dc519ce4b399c81f2faf4256bb495e95253ec0c7168a298685a4d16a4a5b2c34
128,अमिताभ बच्चन,304088bb14d32cdf597636f1bbc7ee90d6a44c7b40a4d768db028b41e8dbbc12
129,अमीनपुर बांका,6c9e2d695f9d31fa783da3ba392cb726bc9314264413c74573666cf3035676e0
130,अम्बा भागलपुर,a8729b03f815e07437a134e6009f926ca468c719fc02430d8c2f480db9d08d90
131,अमारी जमुई,6f043508bd548aa402ed9cef9383f0b4d7657eb9818ebd357382ccc0d82eaa06
132,अमलगरिया दुमका,1ac9d7986d77ef2c193898d32c92e5d8c8f1d11a9dc3c3a86104f2d15823b55f
133,अमेरिकी लोक नाच,719eb4f788e26e1f5fb49ab7750d6970bddceda90dfabe40d828ae7dd7d88a6d
134,अम्हारिक भाषा,0d14f7c544db89391710360c3bf1d104c29d42dab80c0c48f0eef4107bc9d758
135,अयोध्या,b22f4123155cc66a0428612450996924136662a7007efbda898fd6ab1963858a
136,अयोध्या मुंगेर,98ae633fdbf4f4a4cfe076aea5ecece659c4cf14a315af01946513f654c6a369
137,अयोध्या वंश,da88b04fed3073cccb000617265146e61b32461f4d485ff617c2e78c4a1a3d18
138,अरब लीग,9bd31df009df4c58d147d8b79ab0761fc6989b3cfbfaeb38cebc02cb86f2cfb2
139,अरबी,42a06cd1c6188ba2f4356fdfaff2fb5b8d8918115c3f4e3e148ac44c763ef911
140,अररिया,bf6a544a6558a94f81fd0767dafd9587915a7e775ea53bee3d85d9e80d0d43a3
141,अररिया जिला,7406bbe62c89dd95385ec491e19dcd6531694055e6a56fff6c44e3ec7b5188e3
142,अरवल,89787d125068cbd2e052a38577ccf25e3963e66c2781a4cd292c5fbee0af8e21
143,अरवल जिला,aacc9ca277a025e419d837e1d66dc6988fe725f89694635c265b69cd86d82b63
144,अरस्तू,b8164e3ceec09d1bc26d1b867ee54273c22d091f9cd9db129e15b11b61093c18
145,अराजकता,2d1450fd1c1167b6b5914a972b18f76442693c4cc51f85614aa9b4f1535d31dd
146,अरसर जमुई,715b360bd957c44756955751ef814f6637738234b3aed014061094a049212bac
147,अराइज़ पॉइंट,6864ad5b12ef3716614cf99330bba33e0ca32e7b353ab98cfcdab68cf513cb56
148,अरुणाचल प्रदेश,b387b443d9274622c45bdd9806fdea132535e8ada62cfb74f0c4bc020381a9c3
149,अरूबा,d2e06ca4f419e436c03bc70b81854b427468e03fd816309f5e8927b066f1b229
150,अर्जेंटीना,091d6a50c051e0da3734035a0766ef3d65563aa1a5cabbe3843ff9840fedc70d
151,अर्थशास्त्र (ग्रन्थ),d5303244b1611c7463337136c8a130b495ab927a58c9e873f4dc39f6b624d2e1
152,अर्मेनियाई भाषा,b2e2df144b43658167e624c13accec38882414c450d8e08b3ce38412d9beb396
153,अलंकार (साहित्य),640b5ac5107e3b007fe792fbeb1dede9574b3517049324b06d223f43739d201e
154,अलिफ लैला,6b7975b5b7785bbeab2de19fc077dd8827be8b3a204f9cb74b9f207cce5c04f4
155,अलेक्जेंडर कनिंघम,49852bce13b3593a344952f7bbd6cf692f4e1a05ddfca14f3ba3039f3d9744ce
156,अल्जीरिया,7c976011cbfa5b7a43084b1f51b7e154554d810ffa33d38d8cf202b93e3414c9
157,अर्थशास्त्र,67e931d9b67a97f362b7ce64dfe7051733baf65ce9dcc4d2f071b027de26b3c5
158,अल्फ्रेड मार्शल,ec521c08a4839cfbbfd71779db6faee45e1c4b2b6fd7890726daa8ff6ccd8962
159,अलीपुर,7213d33ab5bf90b549edc56953352c5d0855dc7525ffee9e7da045476bbb766b
160,अलगजारा जमुई,0e64f9bf9819c97a29e23e0a99c98abddc85829e5ed93becb7d90d5ce7d5ebbb
161,अल्बानिया,41365ca4a40e225030a634bd73ef1117644e9770819a06354b2a690409a4f686
162,अल्बानियाई भाषा,cd39b20d8571d278fb884e7cab296ec4027c5f976dce974f735ff1e1533ab17e
163,अल्बेनियाई भाषा,cf127fa2ceada57c8e4ba5ca9900a10604f1b7430fd895ebca7730c3affca5e7
164,अवधी भाषा,11bff0b111fb12a107da5655c110dc4b3dc28696ec1e88634e3503b265c69968
165,अवसादन,48554b94e8bd7f00b4793d77b67cdda4c049b1af42d856eb9bebb6355de8dc41
166,अवेस्तन भाषा,1ad31619c0e54aa803ea868cb397f8e3d49ae54693a0cd4dcaf156ee654edcf5
167,अशनिंका भाषा,35390c810062a9ced3a947ac569c6466cb4ed08c0fa87411fd56c92162622012
168,अशियाचक,ab1e3b458a0da5c9dc1cc45c3be044e16bf5f87a0f4d4f0c3969803a60d243bd
169,अष्टाध्यायी,8649ce278ef859069f72f1a6aa06a64c78d6b547d633579a113e06820692cee2
170,असम,9fbd9046f97138a64c3617bf6158d829d3657368d9dc3cca50adeea9e9859a26
171,असमिया भाषा,760b5b78803d969ebe2e45d7193370d490ee5eca7f0132a552758969134f79be
172,असरफपुर,151656eba614b281efd4e41992435c36677ecb49479491638c7aa0993a8aaead
173,असनी बांका,02d32cef8d3b98a955568143bf06bdfc13a17ab733f113caffc57cdd8f226dee
174,अशरफपुर,d8a9db335686bd21352a8d9d2bbe1266fc31e17dfa0755891a7a81290cf4bbc7
175,असना दुमका,23a65915c9f062b5d5f78399588dc2cbf9b484f4aedcb99d94b256b951afbd20
176,असेंशियन द्वीप,2f4caa97410ff5139f4d8f40096215efe1e33a98e1b71d63915fa10f2c9f7d63
177,अस्तंडीह,731bd00509d1af107f1f8e01c15a0220d20c5baa0216e32ee96e145ce4ae901b
178,अहमदनगर,1a27117ef2cf3271a9375fda2e35eb6c8fefbce0df88d2e4f22a0c53bb9b9dc0
179,अहमदाबाद,de5d0eeac428b27edb2d2098b738b4b3f25361a63b4a8140c3e843c384fd0f0e
180,अहिराणी भाषा,71d55b6bbbe7a542d9647c3ee9d6fd3493e49cc94b6edf2d16a16c44d4be8d88
181,आँख,b7b11ac6a36cff2a18c4aaf8125edb88c27e37e1070a8b61621d6c2d2156e44e
182,आँचल (1960 फ़िल्म),3766cff72eef889ff40d5598bdf54a14068e206bcfbc80f4442dd117382bad6b
183,आँत,3ce86cb19cdef5e893db39dd91188b69a6414ee4aacf1747bad28f366ce04114
184,आंतरिक क्रोड,aa260826fab4d6a7da11d26bdfea860f52120fe5c18e24529d728c63d83ff0c2
185,आंदोलन के कारण,90a0909342cbd0167d144b47a8e056955a40aa0a5d57ae9aa85943a2aa4f357a
186,आंदोलन के परिणाम,b28e4a7a60aea73e700745e238b6d293262815c91a5fe24db1659d76b56a2bf4
187,आंदोलन के शुरुआत,0abebbdb98c3286eed04e0886012de86dedae7890c4f5c50465f885bb956369e
188,आंध्र प्रदेश,d18f99329afb1a8bd97f0e5fdf1caa93a2d1a72633c004e73ef7c64f6770c551
189,असियाचक,6534675e0abb451cd6413772d27140b693d89a122c0537531748b9609661ff2a
190,अस्तांडीह,36ac0c82b42f2bf76d01680982016b7c59a0308a078cb2a16b8f3c7a36347afc
191,असवान,b297db98a30d39728c13df6e0047bd7beeef14f57ea1c42e3be92625de36c08e
192,अस्ता जमुई,237ad93051ab514aa52fd61ccfd0d44910393ca037afab1f7fce328fc4df2382
193,असुरदाहा दुमका,7ef9cae6f8ea18a5cbaa7416ad7b0cb5507c53f767fef66d0cdbe3a5e8536ce5
194,अहोम लिपि,c94056f331ca2993fef951dea98850284b449c00827b977fee62ec891e89df65
195,आइंस्टीनियम,424190e2b014a3bc8e8558e44f45500528bc7972a7a593dbdc44372f30ce105b
196,आइजक न्यूटन,864b9f1ba6448be8580d5a539ef19c0166f6c5ce4a8d2e396f8249f1f4407fc6
197,आइजोल,b50c882378ab6fcc7c9f4798e719ff081900ef253d6b060e2ee68776de45036e
198,आइभरी कोस्ट,16d9fc742d7c66c5fd5e89768f7b963c5cceb39ef4cc9e0195237908e8b870f1
199,आइल ऑफ मैन,be4f8134c3c66ba3136ac915c2f1cb64bfa2d68bbb872a1677a8a0bd6c2cc52e
200,आइवरी कोस्ट,2170efca76da6870e690351aaf91cafd2e1ca64fda76064fdda3c1ce4c180e32
201,आइसलैंड,0e5ce707c84c35c631e9502a6164c933d263617621bdef50fbe2a633f4ce1ae9
202,आइसलैंडिक भाषा,f558b566ec1e60f5a04a1de504e3dcac076742e9daf3a21e457806768c1a36cb
203,आइसलैंडिक सांकेतिक भाषा,78ec0de28497609207227f66343365e419532df5c54fed8802bc410feb0d9f09
204,आइसलैण्ड,a7310bc84c7da0e274eafcbb838875e0a85c3b62e223a21808d0b4d52bb098fc
205,आइसलैण्ड/(अल्पिंगी),a02e1de8d81013be368e6288490fdb4a936e71f87e4fcb79911385a3b6645bc1
206,आइसलैण्ड (अल्थिन्ग),959bfb940f548e9e807bc074883548a5255ae0d09311c8a352c995d01af4ae73
207,आइसलैण्ड (उपग्रह चित्र),c760ea28a3ba6594903dd59724a8d7f7f33bf71512342c4af7a3f6dd851123a2
208,आइसलैण्ड (डेनमार्क),1c958f983e7e4aaabed76020156ebef48aa5bcce4d0681d5c71d67e57d544234
209,आइसलैण्ड (डेनमार्क/),901c807adc5eeeb7ca6ee0f2b3ae336b5c8292180c8a1fd25abde17b6bc5a90b
210,आइसलैण्ड (द्वितीय विश्व युद्ध के बाद),0322c47603760a5cf8f368587d5d21da2ead302f24c76421d98a614ebd17e462
211,आइसलैण्ड (निर्वाचन क्षेत्र),bb7ba77f933480e1ab7ba7aa2f90142b7cf1217d376b6b0ffe3a09b59aec60b9
212,आंसू,aa5e4175d6fd3ef76aadeeb7fc02c8ff9a5508e210814bcd9c7d8ea90a095310
213,आइएसबीएन,7ae12d2df61d83d6dde1108a32f6a03a67fab4750f74b0bafe748d2509aa2b07
214,आइसलैण्ड (पहाड़),39fc9b71536af0d903bf3ede236bf71012ec3c8b8142a60ed93ebb86d37a20f1
215,आइसलैण्ड (राष्ट्रपति),dd187e6d95500b455b16c6a24c8eb7fdf32b1fa6f90386ceff412862a0b23d80
216,आइसलैण्ड (विग्डिस फिन्बोगाडोटीर),a5d43cad782c484cf056ee3c0afa3008ae730dac30ac195df096eed7c77cbe00
217,आइसलैण्ड (साध्य रुप),138efeff03477b161779fa31e0a44e3be50505d710675700b3b654bd752ee451
218,आकाश दिया,ce635300fb64d128c7de69ce7dfc99944d2a36cbaa2267eef81e70c66a16bc79
219,आकाशगंगा,3a2bd880bd02bfd4e48988db52553d9a918e29697d1c58b0b93db980b3c4608a
220,आकाशदीप (1965 फ़िल्म),d3d53370bf65569b7f7a513e2cc10bc51b2d1c2f58810802f59efe0290d92c89
221,आगिन,36955fde699e7edecaaec081b88150aaa74ab00a2c27128c7e349b69bd5a5502
222,आज और कल (1963 फ़िल्म),25a97edbb7c3626742e7ddaa729238a31932b3355a20de9719d7cfdd6c6253e9
223,आजादी के पहला लड़ाई,22fc5d747637b0494cafbe1e3277e0b772786ac9326eed79874781e4aa0ecd85
224,आजादी के बाद साहबगंज,b4c8b14bed115633d713e05508da3fed150be56d72ec95157580909ddbd4b0d8
225,आत्मकथात्मक उपन्यास,3c7f5725437098ae13b488acd4cc93de8b8ec6455e30802af7ffdb75292627a8
226,आत्मा,d5498a4f2a7f76138773182c70c20b3aab58485eac422056a2955901161252dc
227,आत्मा (देवता),80d31dc7e901922ab38360fc39812f1b6ea8b8f7d7404b4c50177ca98b61a7a3
228,आधारपुर दरभंगा,231d89c69ab041fc3c132384be6bf59935a3f3b867ca8ad2711ef1ab38588750
229,आधुनिक मानक अरबी,818d75def1608e014e924a84520f7a5bc6840624b6f67aac4e898c371dacbb74
230,आधुनिक यूनानी भाषा,0a0795ea90e3b4816a2d57750dfc653bb5813fcb7bc82d98d2faa73dd7121aa4
231,आनंदपुर खुर्द,b487a754028a7551e7aa589a8682af64af01f89bda57e60ab5d1ca5eca27b586
232,आनत तल,9a178f557266d0eddefefde0df51b65b7259de455e38e8738f1eb788c318d733
233,आन्द्रेस जोनस आंग्स्ट्राम,5f2e83f71de500049dc67a18fe6679a0447d7b099a1b9006af05f9ff6c3738b2
234,आमाशय,8ab340494c9f91bd097fbbc41d0681c6e89a9fce1ed3aeb2883e352b5f4876a3
235,आम्रपारा,387367a9a4781405bf3d52f58b5c435a62a9a28df8586c42d5736d6ceabba126
236,आयमारा भाषा,332e983f68f3b49d2d000a74ce70588e522ad9254d82850b0c1970e36ec10dbc
237,आयतन,39279e8bba4d57d512a2365448f9d4a51dfb6a99565538e04e883b630b918bf4
238,आमोद मिश्र,0c867f4fbcd305045bcadcc251b588ad14812f64775bd8380fdd4ff707e64da8
239,आदमपुर मुंगेर,a788c97bc1d55828ee16ce38bda44a4b07cfab70956fe2040c3d4be83b77ab74
240,आयरलैंड,7b2801273c296c247266ba4e4519db3c54c225d11b639c74d636193765237314
241,आयरिश भाषा,f3a06500c4734dd3c054cb9a846e357270db293d9b2cd35b3ce17d4326e546a4
242,आयोडीन,4562247f8db472528d36246483f3df12fd660849d5d24c6e8c599dfed9f84af3
243,आरा,d924824335c4749ad9e9167191d62843d45f068a3e3d9a1df93063d2f0849dd9
244,आर्किमिडीज,9884b59df52fbf032af5016901d1b7bea4a665479cdb96dcd477453b70500dbc
245,आर्गन,0a34426758485399b6ddcd628add0fc5a5cf8a5c2e14f09c21082e639a65a49c
246,आर्य प्रवास सिद्धांत,cd82c99d4007ef6d19657e0e11f1e4f5d0f0039f959f87c7a4e1255ff8dad9ec
247,आर्यभट्ट,e49b733cd5b06570f9a4d00ee19956cc16be91703d5b123b6860ee7462dd916a
248,आर्यभट्ट केरो संख्यापद्धति,a8866e16eb2803dde936f21d00da0fb085da1cca14fb1d48c4b220b1bb37bc45
249,आर्सेनिक,3efcfa7628b118c411ef881120209714806ca5f78715de54bf46045ea8ee90cf
250,आर्मीनिया,06da42bdd89a54bdb317777748125a788106291e5fff648824a05b2751a9969e
251,आलमपुर,abc2d5597f17fd48ee315ddfd644d731bf23cc5f3c6e2f44eccc1738dc6e952c
252,आरिफ मोहम्मद खान,0342015d229a1e7e95fb703c761d668603b67736927bee290646e835eebbe647
253,आवर्त 1 तत्व,3b5f6747f95aeb384b92fa922d4ed7e110d5b54056a65243901724b2d165de70
254,आवर्त 2 तत्व,abf9960f82155a2204831359e53cdf3fa3cfe1b60b8e6792fa77888782a82661
255,आवर्त 3 तत्व,72ff383fecd5c7ac2e603eb5eb716616a27dcbaf9c02463dd59beb1f17c8d0c7
256,आवर्त 4 तत्व,e04416ad49df70699174886f1e79ddc2e3116d751b37c79c5874e56f6bc057d3
257,आवर्त 5 तत्व,e119b941b21d174397854a2b56b79f112a84770410e698780b70948bd49e0aa1
258,आवर्त 6 तत्व,9f88f500b614d8602ad29757506690514b37d682176fee71741037763b2d732d
259,आवर्त 7 तत्व,e9637f677277060e50f07d579ee0a53f21ecb469c7e449e9f4a8a6e9b8174728
260,आवर्त सारणी,c052f87c9ac1ce57b5458fc306ff38b4e524082724a8d5b17a10b8f0839350b5
261,आवर्त सारणी आवर्त,49a4d0bb85efc051d1261c8be11be34fbe04990ecab996aac75abc7c2e7ac3d8
262,आवा,b82f56accf574da6b0fdc765394ea2848800db9d4b69273225720efb41b0b160
263,आवा मोखतारपुर (सुल्तानगंज),6516f849162e58262337c07c4cb9821167ddeb33a4f08fff5934037cf0d21a3c
264,आविष्कार,a8f929665135afa8c1647221f21c461061bf22f94cb11488ca033fc45d31b00d
265,आविष्कारक,09e95f87eced917e0ed0fc76f619415b9d4e376edd255f2fed1c5fb40ea1f0ac
266,आशिक (1962 फ़िल्म),a1062994de04dae05fe3386fb930f2715d2debc719b8f06b4a5aeedac53f88f4
267,आसियान,1f4d7ce032c14e5bbb206bc4e5c8405818854895facec87b172ee5c6e5e19cf2
268,आस्ट्रेलोपिथिक्स,bc7ed0ab6b5986f1542bc45380f45eb3da8fc1e45885acaeb0479ea7545b7bd6
269,आसा बिगहा,d323212bbdf461fd82bb236eb72c60aedeff8d1f324d943e540518ce999b33fb
270,आसनबनी दुमका,007e972adcf0a3a6dc00e7d0add0aa9c0fde1292ee2d1e27083bfed98034da3e
271,आहिस्ता आहिस्ता (1981 फ़िल्म),d6d99d26891fb10ec75a4b20e6eb027f79f52c9fe329ac258a82648e246ffba0
272,इंकलाब जिंदाबाद,421dead678a5f990d356106c9169367ce4828ad022e527008aaa8e27e89b0e34
273,इंग्लैंड,a59d6dfe23ec72c2a660f49be8f694d04cefa657e5ca07785175dca22c63a8e0
274,इंटरनेट,dee4cdb9c73e7895ffbe7b4c4eb88ee7f4e02aa5b8395e9f6ddd724288eefb48
275,इंटरनेट उद्यमियो के सूची,95829f53261b8f26107124ae49c61fcc1ee434b773f374c9db008b5259645c2a
276,इंटरलिंगुई,3f49daef69d251e22e48b1d5adb789def4a1e7142d0eecbc43d958a217b5b344
277,इंडियन प्रीमियर लीग,d28cc4e1ec3d2afc59dbbd24ae7b0186c5aed7de6afa64b6139a2dba846e9752
278,इंडियम,6a6651a10a099e61b75fe034f63a012d724a85a9bf37fd92f439876d5fb544be
279,इंडोचायना,5cf08aac3cf0a4d17991b493ccd31e5ba604c7409fcb0e5315efa06247951e15
280,इंडोनेशिया,3672f8dc2c68616b858e21ba55e074726919629621f307b7354270fc50906738
281,इंडोसिमबायोटिक सिद्धांत,30a518bb9db3549f17646d3c1e29f92588f883293efa0c705da9ba4854c3c76c
282,इंटरनेट अभिलेखागार,ca7aadcfeb169675c3654afdd8010609ec846cdbd7791b44be583e5aba771fb9
283,इंगुना,9153a7d74aca48535c419fd12f2e2e14a414b87b45efbf6f9392844ad6b59f09
284,इक्वेडोर,c46c4d8eea5544b22b8f7f3c8f899963684e91a523ac25cdbe6170ef8599fc8c
285,इच्छा मृत्यु या यूथेनेज़िया,cd7436e19800c094e8a48700926102df245ed7cd1e510cf799e580d6bb54fab6
286,इजराइल,88d785c9e2465a5f3c19c3581514531a354e10a73fa378fb4d81cd8954f14066
287,इटली,93ba22a51bf9e7c41d5504220fd8e64aee07b464df914feaec97b45ca7644982
288,इटानगर,67d5468dda6131d80d7929e57b6943d5e6f4c00734ddfcc9a42fd1550da735f1
289,इतालवी भाषा,0310123447f827728f1b3e07f5d3ac6943d0be065345eaab7d10afad13c04138
290,इतिहास के प्रिज्म के माध्यम से मुंगेर,1eb92fa4b058ad23b848f25b5a8bed6fb752896b4ef649e2e73726826fafdf12
291,इथियोपिया,d1a4dcc536826f519d836190f987e90099e1521f712c4dfd7cbf67536d1653c7
292,इनारा,744aefd01a50ba366b34459bd10acfb1316353b7253bf00a12d02b11754e2708
293,इन्डोनेशियाई भाषा,0a29630a242558fb9533e288fd34891c4e3390d8fb7d43ebee0a91df2cac900b
294,इन्दौर,1acb9ca66bc6e24dd8b1a7d4cbf9d742578c837186554eb2a14d99da54cc906b
295,इब्राहिम,2e34f481f2ee7779a584dd5b8b28000a9eac3eb960c5cfb08ca7143553039fdd
296,इब्राहिमपुर,b92116d887d9695c6481dd9a956c0300ab61025e70e748bfa50fe81bbead479c
297,इकोरिया बांका,6958264f4e6b9b2d8727c439691c37920e5986cadcb63c158a786e303bea9e21
298,इन्दौल,1fe54e008e1228021213c613933216a489cea22b99b6c915c59e69b54c4c5b72
299,इटहरी मुंगेर,8abd1189c9f656a0d4a8072d970d9a7acf866ece6349b9b99c3da73c95608864
300,इब्न अल बराक अल-अंदुलुसी,6d984d582a383182ad9ebc846c1000805eb671eca6c53723eb7124ea2626afee
301,इमादपुर,99721e425e9e9d288e4e8e32824e2d519cf5612c79d094bef3ea7739acbacd85
302,इम्फाल,3f429accc47a1a5dd3cd1b241b8658c376821cbb654a514039b4f33ad7326a85
303,इम्मानुएल कांट,788d1e52d81c54a9d642239b167103b231cda5dcd5a7095542e5d38af39e7fb8
304,इराक,396c0574e9f8a45eed3c91e1b94d5e6fb9bdbf6ae64bec6b00ce1bba01691f1a
305,इरीट्रिया,9438ac2d9c43784d05bb0bceaa4282827103746540026518fe1fdde4e3397019
306,इरीडियम,49b4b76ad89fcb019d1e79f4cd26494ba9b776aed691f31f5188bbf7ecaf9f74
307,इलियाड,cee088dec079855ed279bbe992f582835c0050187b066c76bcd4b75d4fca194c
308,इलेक्ट्रॉन,86fd3fa96c44e01b869760c211323b157e456fbf8a71d1b676e5cfa922dc3a4b
309,इलेक्ट्रॉनिकी,bcdf4a6e2ba25562de3214abf929c844d8c5eb67841d861e5c8844d04f29306c
310,इसाई धर्म केरऽ इतिहास,70fe4eab803d12e31c18c8f444098a7da5d8db9357c1251ed6f34807c3f01b44
311,इस्तानबुल,201a0b05c6811c97275210a4da03599dda694922a13e75b5e03c473db330fa84
312,इस्पात,4b2ca3358380d23bb4da5877c7a523a65807bcd83e34cfac5c2baca455cd1ec9
313,इस्लाम,858e73b5249c5a42439523ef5294d13efea9568f915412844acfa4b4d5712973
314,ईक्वीटोरियल गीनिया,9ca53979679c272df4d47a222dd80112103bd80147faf820ddf8b108e346f5d6
315,ईटानगर,feb416476cee1a2132eca56984b2e1e405bc6185312b5a8d7ee5a5566123bd1e
316,ईमेल,91b2f1af98d1568a4cee4e0709eacc1fe538909035f7089cdba84e1aee10ee9a
317,ईरान,e25b20629d7f1775972de564ba807a84454b60c8e7076e94b10438437b7fba8d
318,ईरानी चित्रकला,486819b814fe9fc416b9844fc657094848f052a221a348e686bd0b1ed3ea1648
319,ईरानी भाषासमूह,3d1b81951a8c37ffbe06850c5d5ae63b7d533a56c37b3aadb1487df2ce250553
320,ईवे भाषा,d19daa23462d8c099590be0114bb4a444a0d8c6fba0a2b87361feae2e4f5dc50
321,ईश्वर,4cd7f8ee4932d0ad7a8a0a45e96ca623af3d2688d10abc1313bb8cf1e3220cbf
322,ईसा मसीह,aa8c7ec1627b4d89a78e3214dbb0a48e1a7ab00e6ab2b71bc9ccbdd5fc4faedc
323,ईसाई धर्म,d1303c74277dcb4870da9c1b5e27b258de727d9fcdd89e040cb23a21a8c1e338
324,ईस्ट इंडिया कंपनी,eabaddcede418ebeb088cd1104b132e8aa86d4a994fb4602fe0aa28adceb294a
325,उच्च स्तरीय क्रमादेशन भाषा,f35f54a101c9a688a85ad9c9322d66235b5fdc3be3baa4707076724e74d3ede6
326,उज्बेकिस्तान,cee0a0ea7a21e70666bc0dd1beff318d695db3d1ef8f13251155ddd602f6b180
327,उगनी चक जमुई,100b0fc574b6dfb082c515976b56547357a66309b5448d88adb157a22c0df229
328,उछागरकिता बांका,26df7a3035a38a4942b4f64f345409db71e9f05e3997227eeb230f497d8d5167
329,उछागरकिता। बांका,4a898d255ebd96ab65aa6039feef33d1847c503a9d8d4c70c77a076926ebe214
330,उचकागांव,a090a788772d4cb07150173b4b6151eefed12bf9e467b9d829fd0088b8777ba7
331,उखरिया जमुई,9c5d18fa95a94765e859292bc55864136a88fab524af9b2595823c9cbcf09356
332,उजनपुर दुमका,d42def1598b3457979731d601902533418f03f6dff8cdef5caaea60524b285ba
333,उकुगुटु झारखंड,f2eff7a1baa35045cc6a87d4ce54bf029b2adafe15879d51a0595a5b80c4030a
334,ईसप,0a4f5e3bf715ce497b52eab87df63a586276e0cd4f72c53e395815487a98a569
335,उड़िया भाषा,648f9cf7400588ca12ed78fba93eb24fc3469ba9489deb2c8898e81083c4899f
336,उड़ीसा,cd4cb9ed3a6edb9b745c297ff05223987d9ffe4037d82a2c09770832578b5a92
337,उत्तर कोरिया,854682d5037457513f7a1e5206578e42002664511faca35eb8a0902e4b379f76
338,उत्तर छोटानागपुर मंडल,1eab8d55d03dfc5b3a138e1d5598843e450a263ac653926f2b98c178cc1fa2e2
339,उत्तर प्रदेश,939d050c2acac9de5a0d859e13997a403f137bc1e9011270d0ddb0deac57ef0e
340,उत्तर मैसेडोनिया,496884d1c94f5eb36b747acff3dffb5618598734f764496b802d71338a17f7af
341,उत्तरध्रुवीय महासागर,2aad2ec30d99fc3c018986e1a60314ddda1a1ff60eab03f000b9d58670ed3592
342,उत्तरांचल,f8c1a92b6c016a395b694e8f69513d98f83e71982475d8ac6f6fdd43e7836cba
343,उत्तराखण्ड,dbd4ee20f89e516be66d3cd14358db39ed3aabdef6cc780a37f1feb76cdf18e2
344,उत्तरापथ,0da0f3c1ce7568bf5c70ea16000fd31625c8007405f192e9df3775519bf8d803
345,उत्तरी मैरियाना द्वीप,ecdb4a354b227c523882689d8b2cbd3b4ea21804bdb05160e060943f36883019
346,उत्तरी साईप्रस,3979f49bb38bbd6db8837e3478769ebbedf3dbfb8b8030601ef3954be843a922
347,उत्तरी सागर,e9be2f0561879432af9eac14d70a0f63882675a0d6d3c2cc80f45b6eeb779a84
348,उत्तर अमेरिका,d365c945ce657f69a4e60c95951fbcc852dad7ff30784776f6ec0c12f92ab812
349,उड़िया लिपि,406c8032f9555cc1489be5308d620d8f6b19f748397b935b6577b81c969d1a5f
350,उत्तरी सोथो भाषा,e460a9bcf53a098022b57ee0ea226eb7b27d3b1ebb6d2435329a3f3ccf1edd9d
351,उत्तोलक,088fed88c2003183bd80ffbc7894309b2012b6a6fc704db0b82afba0cbf8f8ab
352,उदेगढ़,1ad589ef55588cc7a38fd2d3f332a3ff27e20b9d193c27fc9b0cf9987128fb0b
353,उद्योग - व्यापार,f19fd44b63a20c75289309fa35f96660a85ceffb4baa67576742ec8f433655d3
354,उद्योग आरू व्यापार,976bc71a0b6262391ba132b610eaabd99771192f109ab099e556f7b83a1856a8
355,उधवा,e3ccb2e009b5eae5b7b1442955cbc326913172c2bf5d5d8472a80f1d326483c7
356,उधवा नाला के अवलोकन,c78c6e7e6ea0e89d5c671be63378f62c53c27c07d3d6a407b768c22f544fea67
357,उधवा नाला के लड़ाई,735dfc9e71b28480232b06c44f96840f8ca5e7d9c7c2889d46f2f8dd52c3684c
358,उधवा पक्षी अभयारण्य,975a82989b775d894a1d504dc0277692a7769cd3fce2dc6bcf530aeb3984fc97
359,उधवा पक्षी अभ्यारण्य,25bb859a465f850d2e6af2a1e497d43d9fa0266ae01d6fb9edc7b7d0b591495f
360,उधवा शब्द-साधन,28e1dfb84d168824e686c0d4bc0fe5589e3fa152ecd511f563d8a4c8a9c7ddfe
361,उपग्रह (खगोलीय पिंड),1c9e803f9194f93585f8d674945c9dc8e5f03dbbaf55b085d4f0b646865ef412
362,उपग्रह (मानवनिर्मित),eb6e4ca2c5f5f66117ac9c779e0e3758685af4de9fcad72b485b1fff2f9b3578
363,उन्नत स्थानन,151751203f1af943ff82f7c1712e48468b1c3b7d2d3462390e82b90297e3aed6
364,उधाडीह,02c927c35656fd9d7d9802229f40291dfe986441696d141c34310ab02173d090
365,उदयरामपुर भागलपुर,d51aa402a481376c27a1bf3c2e3308e4d616bbcbbd25365021bdbc526ebf910c
366,उधवाडीह दुमका,4cfdc4e5b8b6a90227d34d3e26dfc063aa823a8987565c75ea935abb6544dad5
367,उपनिषद,da777014a303a55dc6f7786ab27443e9834149869e03e7a099f1c5e69f4d27b3
368,उम्मीद (1962 फ़िल्म),0fe126cc586b36ade36e80b73b3d0d1917838444297717a0087f20cdbeb1ad42
369,उरुग्वे,43987fa97c635c0513a585d14867aa70fa747a7ab96a6ce291bcc974e20f52d9
370,उर्दू भाषा,78693a9e78b7492dd0ccd13ed7c914387bb0255e5fc04d38ceca5706321f67a2
371,उष्णकटिबंधी चक्रबात,fe17dd912511fa24d3f6a0df2a19d7048f3504dfd923c9a2bfb59f5514926af1
372,उष्णकटिबंधीय वर्ष,c9fc2ab3878ea3212ec816dd52ec5f6295a040e8102854f534684dd3c0808b58
373,उष्मा,8c233317023549f39b8ef289db6f2db0bedd96a084271077adeb6c6271086fb4
374,उष्मागतिकी,fd50022db334e127fd6d2f6b92d6b472939e16701deca5eaae73c7d3dea08f6e
375,उसने कहा था (1960 फ़िल्म),5e30766853bc56eb13a842bfefb3c241c8e0cf52c6150385d248f9e79058ceb3
376,उल्कापिंड,3d9db5a62835f528b034a6692d9309ce3e82903af5d2ef1f10fe9d91ba953341
377,उबटन,47f09a2d9f069f7ce4d48aceac3ed2c0e23608c2eddc684a8aaea1a8fa3bb6b8
378,उरई बांका,685c41eea4606b8a90949ce51c52b18706ba255edf3a67a2e4fdf40140d96b4b
379,उफ्राचक बांका,e775a126427fb2a2714b9268a883cf59a2fa711cf2f2fd46af00f6c945f43692
380,उस्मानपुर जमरेही,29a9a306f47795a6804745981e673499766042724e7f4c2b05a5f351af5148bf
381,उमरन,32ebf24592e4584be359cb1250d699f405617c3cfb91a40d464694793fc8cf03
382,उमापुर भागलपुर,f0f7a02edf20c2cfefcfe0199685d4b88b649551f9e42a1c1a76075c7b4bfcb5
383,उपरडीह देवघर,009e119530eed1547267fdf94a3cafce19add023cf83cb75d04b651239101d96
384,उलीडीह झारखंड,f1a122f9f7d36c0b08603cc03b4d3eb85a33eb9f0394817a674ea509c1d90169
385,ऊँट,65b6afabbfb8e366e97bcf53e20573107bbf11ba47584dd6847ce2219977eac2
386,ऊन,1f2d893c474fe76842310f3326a80a34ebedef32146bb21769395d3aaee51ae3
387,ऊपरी भूप्रावार,ea917b5952baff0a9433f24448e7931f7debbdbba59260579368eb4b9fd0ec3d
388,ऋग्वेद,deff6a8974482ffe686624dcf0aeeef5f1fd58d60abe705d36248a5b3d7eb339
389,एंटीमोनी,2f8df2c1f639d3265c85b834b4dad5ec38914e7bbe8893581fd47f01f7c48bf8
390,एंडीज पर्वतमाला,f01a171cce931f49dcfc261a6250742e10e701b0175e252d26916c939574763f
391,एक्टिनाइड,90ab5bec9ae5d14ffdb8f48f37990a1c512bd3ed4a416398e1459ce4d2bdc0ed
392,एडमंड हिलेरी,b210fe53620f84bfcb4eb4a5235af92a8ce4565dc27b77ae552e4cc5444ad42a
393,एड्स,d18e5b03870093cf78ec93f3c86731ba1f491142867aabba70972862ab6d58a2
394,एतबार,49ad22406b6704e784d7b4adca4257d511df14f508bfd2260ee0c64f88280062
395,एथलेटिक्स,5d69cc6f4aa055dbe55f6dd9464a5b1a54724341219d436f1bd48dc59a3ca487
396,एडम स्मिथ,66d561f518b2a1461c07caca895c602f1ff0df4c57c053708bfbaf31cb274a19
397,एकचारी भागलपुर,3232e293732fb434a5dd9d65098e3670594dc328e93c4857541d5328e13a12c3
398,एकडारा - भागलपुर,baf97cfff3a02af5655801b0f3a248d7377ca94dccf0641705b90910efa9deb4
399,ऊपर मुर्गथली दुमका,cb234eb0b546627b33dcb3b5e6968e16b52857f6a7e83397d9914ae9cefd4408
400,ऋष्यशृंग,386dda6d362f54b6456edfa505b7f96b3c1174758f9af42c042cfa7d3af4a68c
401,एथेंस,705ebe48bc3968bd53eed7204ee11c2a5bd82e3d544112e803edfeda35dd72fd
402,एनटीपीसी कहलगांव,8d87109da7761210243aed7332508d6ae28bada151f1eaa21cc6110e67dcc083
403,एनी भाषा,d19daa23462d8c099590be0114bb4a444a0d8c6fba0a2b87361feae2e4f5dc50
404,एन्टीगुआ आरो बारबुडा,a092ec50f67f2cc577869ad0fac38cbcc7a17da68f50be7a10da08ee89b3dad2
405,एमबेलिम ​​भाषा,d19daa23462d8c099590be0114bb4a444a0d8c6fba0a2b87361feae2e4f5dc50
406,एर्बियम,e248d0779bfe4966d4d3bb49543b883d849f3566d75cd562023c80d5fa5bd54c
407,एल-नीनो,cfae559d613057590627a481b58f8c871106285be74c7b86de6143fe946f4e3e
408,एल सेल्वडॉर,1b9a9561cee0a14333e47390cc48833ff20fb3a6f5c008fc6e33ab6e33cf815e
409,एल्युमिनियम,a5c39994ed998608b83106c359eaf34aa189499e96f448de27ea8a3f363b43a1
410,एवरेस्ट,324410c042c690693fa3a979f0d5a6bbbcb0b8731057439d8ce48ec1059b5900
411,एशिया,81e851a17f55f8c9d5df55400c1000a7a8f509090eddaf674ed98224738883d2
412,एशियाचक,9e4cda3534b75e82bbb5d92f13946001a93b56080e174de2ebcf824b8fd76001
413,एस्टैटिन,e6eb2be278c15a9c26fb29ed4585f6953d96828fe0cf91956f864ebfa1396d13
414,एस्टोनिया,9f1035612efdb43779f8b5c6454192e44b64d753ea9e13232b638ea4b05b29c1
415,एस्टोनियाई भाषा,d19daa23462d8c099590be0114bb4a444a0d8c6fba0a2b87361feae2e4f5dc50
416,एस्पेरान्तो,cf394feb2c9b69c2c5c84ecdf9858c9058eafbc3128e52dc87205dd084a96727
417,एस्वातीनी,8696767e8bb4ea6c029c039f4253e0996f092efe885899de53faa720d2d3a177
418,एशिया चक बांका,a5856c605d191c0e9a823fb835820dab9249d669c425d043a0ebc7ad6177109c
419,ऐक्टिनियम,f6156f34a60329f65b72dd104afc7330fabf1dc7dc8958bcd7d8f525253abf4e
420,ऐडेम स्मिथ,8acf4c9ed6d7d98b7ea3ff3baa647660e6969d6091abaf322524df60267f10cd
421,ऐडॉल्फ़ हिटलर,2350ae4683a716b4b1ffdde13990e154fde5ad93b531201a2db6dd8d1aea3bc7
422,ऐल्कोहॉल,2d18f3994068491b8296b7c92661a6334055389cf7af41e983721db16a8c00cc
423,ऐल्प्स,9c3fd4f48fde62e427058432e0dec8ea1a98672b18f0a88b718679c86fc1da33
424,ऐल्बर्ट आइनस्टाइन,783a6486a3648d6aeddb927a8205854d6daff0d13bf337f40725663bad256395
425,ऑक्सीजन,1ce4fd597ab2e704331d41e9ed39d49bae94f8ad576e24ba771ef5d3e6eb3b23
426,ऑगस्टस,179734c88506175d918236f4f887ac435d96a22ea97e9b09d3cfd5ed54553897
427,ऑलैण्ड,e5be5596636ec6e47f61a17402a0bd0cc83b3878d87b888a61071b2a4ae00bf5
428,ऑस्ट्रिया,a9a4dc7a074c0b9d3696861865cc9d8168077cf1d3f7caf819db8fc5809152a9
429,ऑस्ट्रेलिया,573a4f43b9ba4e6f93aaea64c04993e638a1ac69c3be04a66aee1c706687a1a5
430,ऑस्ट्रेलियाई अंग्रेज़ी,4f288bd0f3414ca8fdfa4aff6318be06a67c6c9c8aee3e63cb17b72337dcea71
431,ओगानेस्सन,fb10ba2d5277c2bb2ff35bcf08c1143c103e58795cbe14798f1bc1436b1a6539
432,ओज़मियम,ff6bfe21940604abb8ac33a920f63f1a23c2957ae8e0a78b514f66cb977ca16d
433,ओजोन परत,b17a7f50d47b3eed58a9225a4c41ce19410e3d4c1ec28fddefd7e321e082505b
434,ओट्टो वॉन बिस्मार्क,d5d584e8a8af9bebe728542ec474674d6e4feb8ea75f272ad0b99848d984c780
435,ऑस्ट्रेलिया (महाद्वीप),4ea0f86af312115f960477efb292d71719113f993072f4de46552dba6504fc96
436,ओगरी भागलपुर,ae46c1d72faa9e818eac1120d5bb0fba12c21837d401c24de6b835d851cf7344
437,ओडेसी,e60e042d5532b708244412a1eeead58770e3f27083107efddadb6a50021f1c67
438,ओनिया भाषा,d19daa23462d8c099590be0114bb4a444a0d8c6fba0a2b87361feae2e4f5dc50
439,ओपेक,98a3b90017b66a548840fbb56327d957cfcd794651cc9fd9bed8c0a450add952
440,ओमान,a314e5efc7b19ac93a4c09449d5e0cd763fb2ff2a031f4267d38f813f2e88ec3
441,ओरोमो भाषा,e40df9219b348684db3e3d331a1972fc53914437261c14ef01cdb7477360a029
442,ओलम्पिक खेल,35ce5d8ba8f73c8f58f26f090d66c90e9d69e4dfda4af8122b0c9da64589152f
443,ओशीनिया,87b7cf807d7595e22d3946283e8c482c9f1b9d579c7b9713824d9239a8e0e7d2
444,ओस्सेटियन भाषा,c25ad0a34e21ad67dc9f14ddc86324b589f573df7754410a1b4ccdb500bdce9b
445,औरंगाबाद,05b568024a2c97c2b25e8393ea472a30a603cd8b5a27685df335f771a9789835
446,औरंगाबाद जिला,b36621907ffa8247c83cba12bd85c2484c7d9a3ba4a8d1dda8bcbe8cc9cbec9d
447,कँवर,8c014f3fd68acf29f2d0676af6034b067f0431d03d257b8b58366fb2d64164e9
448,कंकाल,64afc01319f5d91dc399dfd0595d836ce341ca6e8828d15c8568c1ce525f052f
449,कंगारू,7795a37f45ae78597f577afa012727a0d364c3e743452c10097a9b62c65d6147
450,कंचनजंघा,854c1149dbed75ab57bcef8155356df7efc398120988cb46c35fa2ac178867ba
451,कंचनजंघा नेपाल,4dec1ea4eb5626f1fbfbb300ed643e469565e319b2141e9c5cb01906f38cad09
452,औरंगाबाद भागलपुर,f07985474035c80c98782f08a3a4db050507122e7fb89c712d337d27f546b827
453,औरिया जमुई,6e0abffe0ad8006118bccb9dcc38811836343b4ce2294d0dcedd9941bafec787
454,ओविउल मारुफ,da293671966004d9a3c9aecc433e846aba62e8817ec7c58db76bdae672356e55
455,कंठ-रोग,7d68ea70da44af6ee4aaba653a006cc25505d0e25c5fd055033401169eddf35d
456,कंबल,b2e6cec873d8827cae9459e94d8e54a228229fa5407a87300047325167d9d6bb
457,कंबोज,257153d0db07bc273d77697603dbba6fc3cee3b59e35d165e5cfe0f76bc57857
458,कंबोडिया,37c60403a91c257fe80255e03446dffb884bcb395fb8353cf737b12c718305cb
459,कक्षीय अवधि,4be3855e4aeb46ddca1afbd25e8fbbeb87921dc1a5e4d7b799488f72fcab69ba
460,कच्छी भाषा,01696dc668fd26def9518b7224007d643fb0a3755b160146d5082a4c72be80e0
461,कछुआ,5d8db2ee7d8fa6bfa5d90e5257dbb3198292d4db327c8d56228022269309054c
462,कज़ाख भाषा,ba7aa2b3d9dd91b6ca60f848836d4702ad30b0b994ec28f884ebbdc730bd04d3
463,कजाकिस्तान,e12aac05ecd3c948323fafc736b9145fe9e7eebf48704a0cb4636265f7e2bc25
464,कजाख भाषा,d19daa23462d8c099590be0114bb4a444a0d8c6fba0a2b87361feae2e4f5dc50
465,कटारिया,ae538c8b116f790bf30dd8f86c65a32a69379a4b8564a183ecdab9c71939531f
466,कटिहार,a36dbbb7501a8913642063b3e946c1e913e41d9d185ec57129f46ffcf7060693
467,कटिहार जिला,6f3de8c10820a37093140f4d50d933fd97542d584947bd0fe43eeb434908e012
468,कठवां,4b342058884ba5ad940dce74a67bcda9b56cf73271689794888e82e807de6208
469,कंझिया बांका,4524a0678d4871db8d65d4bcb90fa2e5ee9c8f6b4cff924483a797d0298bf0a5
470,कझिया,b08d40a3506004f61638c4a4866b992ae02691b53abb8031316f05a0becb2220
471,कढ़ैया,4b534a3a0ca0e3f741ebec0d4b7ccf84d6c915903d34e7a569ab45eba8bc586a
472,कतर,717ac1a4ea0284df4798d1a3a758f3095ac4efe0fa9594fd95312e8b500f7408
473,कनाडा,888e2ec93996ddccf14eee4d4ba64dd3d27650f2030ba450b5ec338b578b9d40
474,कनाडाई अंग्रेजी,b13498fe748e178be9f9e426c8d9c28566447f6cad2f16e0288b39d5eb39ac9a
475,कनाडाई फ्रेंच,a2d8ea997b19aa2e16601a72db329e55385ac7a8153934974b6be530043c079d
476,कनुरी भाषा,d19daa23462d8c099590be0114bb4a444a0d8c6fba0a2b87361feae2e4f5dc50
477,कन्नड़,c464fb840465b3457e393b4041b58c57180c1459d85d5b0d5ccdf52ed9ea721a
478,कन्नडा,d19daa23462d8c099590be0114bb4a444a0d8c6fba0a2b87361feae2e4f5dc50
479,कन्याकुमारी,592c955eebb47a018ca456fc5897cf2a836a06721233edb46ad71f235696e32f
480,कन्हैयास्थान,9f7848090083a396d3e5d340849b1efebcda3b08f3035669681b2c4e66ca250e
481,कपड़ा,7aab0a6ea52fa7f062f752c5fbd6f83ec060474fc9e36835851a62847b2f13e7
482,कपशौना (शाहकुण्ड प्रखंड),eb33731d2d808ef9b630409a9aa1b5a5e938af217d213e4ce6763f65999990ee
483,कपसेना शाहकुंड,ca1dddc3fbb59f7acfc5dd4af5da04bc38acd018e237ceaad6978694cdc3e0b6
484,कण,0fe57ea0ea276ab49584fa642a35f0883a52bc7f6b3c4e55160b869af0bb2719
485,कन्नड़ लिपि,f0a012a3f57821eeaf083acd3a63662d6419887ef1b25b2cefbe1846808d4ac4
486,कठैल बांका,fdaf016fd3a05b1a625b17ebb53078388c9919e8da3d403d58e023e55391b6f6
487,कथारा,fd6be9ff35546b8d30dfe870b736b605a6dfdc20546ad564cb4be25ccc21061f
488,कठौतिया कुर्द जमुई,1692842e4ad3364612b06f2b1aa08e1d9cd098a6cf83c66918ad960c85e85b57
489,कपसौना,c23cb12c8c7baa257ac32a5097646d0db91ffa6a2e349ef990cdb9fc931ed5c8
490,कपास,6293f371f9f59571daaa31d2efd769047418de62dd5d46b4440211cca2d62c39
491,कपेल भाषा,d19daa23462d8c099590be0114bb4a444a0d8c6fba0a2b87361feae2e4f5dc50
492,कबी भाषा,d19daa23462d8c099590be0114bb4a444a0d8c6fba0a2b87361feae2e4f5dc50
493,करणपुर,ea1ae6459e558ff1b8d10776aa9fe04d245bd37e222b0526a1c737221d450212
494,करहरिया,bacf75c7a39546b4338f2ad02b180903bbf1f2127fdaa4445cafd92e769c9646
495,करहरिया शाहकुंड,8684e0057164cd5aaf5a48be5b59f538b042485f2cc6fee62bda1aca069828ce
496,कराची,524dff8400ec985bf70d65ed7225f2430cbc72058a064b58adca47a0e167543e
497,करार बांका,3e90f6c6c356ecf03a24115a19379547baa5e0addde1be6171669855b2395530
498,कमरगंज,6ca8346b22e327829347e11971a38cc3c19978907f4e2044b208d05fda772e77
499,कमरपुर,388a20cdd22413dd338747b4651c3ee0ee847a844d6da6b1dcbb8022075fc104
500,करीझाल जमुई,14d27ee7a08e63f5cb4af11032ce8b44fa6ee44dff144dfad38489a0cb6c3392
501,करहरा जमुई,469b9b40faf4d91f7f07a12f50d4b5edef9be6af272e92d6ac3593ff0067802b
502,करायचक रघुनाथगंज दुमका,526bc6148f9169ebade6e141bb97cf173967a9c4b29d3a921b955d6d1cdbe294
503,करमटोला दुमका,6ae4a30d233c91652b24298a084782fb84bafd12776c15c5ad6d79b344b59e1f
504,करमडीह दुमका,46cd7bff4f746aa16586267eb34fb8c063024eb55e8a3e9fb22a249d94857037
505,कर्कट रोग,db27feda25579595cb001f2f745b2d2825ff85dbec0a68fbf62d2d794c069a05
506,कर्ण,99fab40449179c6916b1158715e7db83b2da3727ec59012790d5816b84878e58
507,कर्नाटक,d24dd303798bfc6adcd2029dc5f3c751a7e4c961472e1c57c21554f95d8d6910
508,कर्म,494d4eb9bbf0e8974f0f685ada23793ff58f6320aa782e6470e85db2f2842dd1
509,कर्विमान,24d2e69088ed411280f281a810207a73134cf21d29a979ca0af870b5ed850662
510,कलंगा भाषा,96c5fec9fd35a6470c36890e3868f14ab63f5759d157efda1d4048272917fa07
511,कलकत्ता,218b2c78c0ca61ca8a084d8a839a9ab6a739e6a217e44ebf41e38942ec3c6cc8
512,कलन शास्त्र,6d86302cdb670237c7e642df6334f40bcdf8322c59765a1b39de746a747749a1
513,कला,f6f961c9d4dfe1ea8fb52e9a6c860cf099574fd06b6b8583cdb34c56b038101e
514,कला आरु साहित्य,915539096e5801a0639289ccfbf1bcff385d86a893cef7e6aca7e71066883ee0
515,कलाई,c86d66e5646ed84f016df078a1478ac894b69326181dffee9b2282982625db31
516,कलाखी गणराज्य,5685bb745465ea6176f381e45ed54fbb030af3d5be73a568405365efa13cc7f9
517,कल्याण चक,dadd4e948ee6177cfdf36b087271cc17b9a5bda5ab2d82d6fe260723692c8104
518,कल्याणी झील,4740ab0bd69ad228bf54132cbf72bf71526fbb6f724b0332ee2bed28bf99aa93
519,कल्हण,08e149e5c17e61018e4a12fe6aaadd3453d4a1c92d5b948f4dff3b0bf1a72eed
520,कलिंग लिपि,af8f8db37a9760caef5f57fdb14cfc4b79e0115b1fce5197cb68434729b011c2
521,कलौंदा,8c233eb3c8a090f9cfd5208f3c90d1bd2ab02021d002208666e5cdb9f446289a
522,कलगीगंज,69230984639ccacc91329abb0e45c5d99a974fd37f9f64a729090af87d548693
523,कल्हा चक दुमका,ba9d78625605c72fdc0cb6a9be1621a39440b41a749c0cb2090797bbe768deaf
524,कवरत्ती,9c4a17ff23b61591078a2f925c60ed8853857bebed1eb79e2411cc8f7e0c16af
525,कवि अशरफ,baf0cfad51f7a7208fa69bf5f8fcf7fa72d85bd01a5eacdaaf19e500bca5bd98
526,कश्मीर,a3e52c411b7cf1b52d56be8256f4e940ea4d3e05876f068342a9f1328dd316ce
527,कश्मीरी,1f16603cee07b8b4899240624f40d3ef38a44b626315deea9e33c370909b9bb4
528,कश्मीरी भाषा,8432cabc1754cb5f81132a16c8e9cb6ecf4b144d3b68fd1b15eccd129bb2eb3b
529,कस्तिकरी,7a7883b55ef9e326a5de6372bfca3adb60d93c4a47818018819354e759fd5e63
530,कस्बा खेरही,38b698ad12da3e589f8ac7caf26c6331079592eed3cbc58ab34b8a4b3e25a3cf
531,कहलगांव,e085cf3c608e9eb8eda50c55b76abc7f67faf26b24e9182d757ea8678f675461
532,कांगो,00810897beab850de67a11021c401180635fe4b60b86cae0e01dcb4ea6ba00b8
533,कांसा,9b242413ebae822d9de5c5e3f873aa67836c2ce50c92be5947b92fabd34bbcec
534,कांस्य युग,fc9fe5337d7d1100b37a97cf19879c0a40f351776b201c7a1c4216816e3701b6
535,काकतीय वंश,4364986e073869e07b7bae3ea9d340ec55a304d1ac56df48b67682f278ddb89f
536,काकीनाडा,bd92c2a9257e5b7505c2861f3bb77aca6c3ed7b0a88223c5d7517fb1a4ef1890
537,कातालान भाषा,d19daa23462d8c099590be0114bb4a444a0d8c6fba0a2b87361feae2e4f5dc50
538,काजी कटांत,7cf069dbb627c26241418c5edc1ca69ac9e215fd1a658374529a0ad7ce9b54b0
539,कहबर जमुई,fc3dc6df1c1039b804442906446d8227882351399c1152317be29cf38ebca83b
540,कान,fbdeaa74948e98b3ca2d8dce1062b61caf4295263c707052f566cfbb1c4f66db
541,कानपुर,071bb20aeb557612d017723229e55ae3e60a31b0e66fb2428b9cb673d2a78b07
542,कानून (1960 फ़िल्म),77b8ecd29ca0e0fbcb61f95f7d3076cd9a39a9f12786e3aacc01a23ad7ec7ec1
543,कार्बन,88a459d1780b93f3d397b66406fd4a2f389fce4e4b39b71698d864cc9feeb26d
544,कार्बनिक रसायन,be24d2b9595e5b35d415898f4227c53796e4f2b59874fbe9ec3784aae5c8a0d4
545,कार्बी भाषा,cd39d4c109f929516fbf1d9d6c65aafde3dba479d36591f71d50fa8da1edf38c
546,कार्ल मार्क्स,dbf895253d6c042150f5d4b0cec1480fad26021ea779c34f16c87d6b0046b083
547,काला,7f0977ce17d7cc98b424539cba89aaf6f1abb45e421c5a3fa5c43088807a8697
548,काला बाज़ार (1960 फ़िल्म),5c718ccb5f8b6cc4cf4bb333e006250c10450fc29d29a315e0358214a4c4725a
549,काला सागर,60c6217cbe045504cc0387492b013d4a4c797ac21be007cfe3f048a8b972ee06
550,कालिदास,d3dfcd1ab452196b88bd6405efbec204b1d4b517c8b057b00ce4987f27e53b47
551,काल्कोजन,d7e0eedd63ae05c4a218a929afccb06e9b3b9c55083d1b7938520773b92eb6a7
552,कावेरी,12e39b5539872bdaa1c85dfacd2fc9eae858207bdf45d6e56d885239d2d0fb30
553,कामदेवपुर बांका,3825c5fe5bb48752e040a5e7e0c83e88de11944346e4871049a1979c0f8fe4f6
554,कालेनपुर,b4663df7f33a2d1bed89ac7e4cac4641445f4e43b181d8c003a70284b3f51762
555,कालेनपुर भागलपुर,6e205846008db0c23fe6542ef3e8f1410e6bfacc4259fd8db3488800cc835d73
556,काली माय,097103f45f1fcd7a8c4e8b122a8fe4de1d6b68c1230c481188ceba27083bb368
557,कालीपाथर दुमका,4eed70b4906e2f2bb50719e0f1a87226474339d8b51939f65a66316afc227124
558,कारौ गल्लो वला हरा रकम चिड़िया,4234f54fb2c36e765795ea22e7acf5a1e4bb7d9e58227a1a329a0f59cb7836a1
559,कामिल बुल्के,03062811e6c9f158e7478c943d7ee1319a9c8e4847538cf08191a19f50bfdbda
560,काव्यशास्त्र,d399d3c38be54022c52669c8ded1e813dae91627600f2e14ef1bdee8baac59a8
561,कासम भाषा,d19daa23462d8c099590be0114bb4a444a0d8c6fba0a2b87361feae2e4f5dc50
562,कासिमपुर,e0db39f459317145801c5cee7b0745af41348a80fb4c3aa62a29eaf43da4c94b
563,कासीम खान,79417f7b373a02ed053c326a2de03fc7f0231ed7930b88dd6df31bdb154939c7
564,काहिरा,d40e1376f96e25785a7d1967c93245cdc675cec2d0f0a411087d3b1ee4adbde9
565,किंग वंश,e7317b2e380b6163290831530794c5107aea5c1b5bfdb3da588e0c58ca4fa781
566,किंगडम ऑफ नीदरलैंड,196b2d7dd09d86d1bf35d2b4fba4a69208db3c9d5281fccec58593c21c8d673d
567,किन्यारवांडा,e0e9139cffd6efc0073a19805fe6ffefa735a779b0ebb956c5d6b70eb76c3cad
568,किरनपुर,6a144d00a338b6baeb42e5285d0961c32fa5b2b5a7f61efba295006e35f6c236
569,किरुंडी,a0f75ddbfe52434b2318988e1089605bd93bfa4d247410ccdad655ec7b6cc350
570,किरुंडी भाषा,46af343b9ece861d8975a36d7c4ef687bad8f2d7da573440f1321ea04c04f613
571,किर्गिजस्तान,43c147d798f2081801cf9f1a86902ce839c772b52c1820713fb1d6662a30ea92
572,किर्गिज़ भाषा,e62ef53092f960a55f475261ce5278b41296556efca1a9fce6118cfc1800b7da
573,कासपुर बांका,574f0a80c591466a55f5d65d1807d2617e83b261af8c917845fbf55d88d94890
574,कास्तिकरी,79235dc3afcea7249641ad059b394df70d5600a8c4d8b8edfc2acddbb7a3e14c
575,कासरी,a8d6e288042b5de1d38c36bc07acf52244380f66bc7daff2301b94cf35f68c95
576,किता जमुई,395617a27ed4297ef50e4b0bb65e9d4246d7123097937ad36fb9141e7c5e58dd
577,काशी कुंड जमुई,7f075209249ab1f67df3aa0b734eca10caeb4be2240339c2cfa09ca993457f12
578,किशनगंज,8f20bb1f8b487875215b2b67c35b460e87fa6caf1c00eaff6c85ef122a7c8035
579,किशनगंज जिला,6dd43b9321d761b2fe0ad02a4a40c2533a42d6bfb3eae7b03f36c6f6135fc8c2
580,किशुनपुर,865ed39f2b9ce96747f35c215421ddc25e34a916b3dcb9d379e4eb467f7aa7b7
581,किशुनपुर अमखोरिया,37236967375a7bc215ab778fd8592160287fbab1cac4a0f26929a32b8ed5da08
582,किशुनपुर शाहकुंड,0f6cedf61dfb015fd9f725e8bc3b3a22d16590da7e91da1942a1c28531a9859b
583,किस्सी भाषा,d19daa23462d8c099590be0114bb4a444a0d8c6fba0a2b87361feae2e4f5dc50
584,कीट,4d0868981dd19853b63436ca8972b8edab05b551adddc3e3f77ee748b193df87
585,कीरीबाती,931746492803b7695fe1434123dbde12125f5b3325f0766044828194ca4f867a
586,कील,82278e0dd71c629098c50439860317888cde4649f0a9ca3397d99ebad62019bd
587,कुंड,83255c531a62037906260b047c81a836f156b6270dc4620ed99e48778b8381a7
588,कुक आइलैंड्स माओरी,228ccd8e92cf9c0f7e35bcf542de72f4f8fd573a138fc5f53ae4c9a4a7b2390a
589,कुक द्वीपसमूह,8b692e57e7902a72b97c9fdf3bab369d9528a5ad1e0f8240d1c8f4350d5c6c6e
590,कुछ्छू,a62fdd16c89f67a431f7110649242a1c7119dddc4122aed38509b9bcd38d3a90
591,कुटलूपुर दियारा,05076089fd19dd70d1c5ff32114b97923c1bf131ec8b6e7e871dc84b8c1eea44
592,कुत्ता,a808c47b58854fc0a7aa924f3c4868ef3f2c18973f117f26ba62f9ef59dd26ac
593,कुंदरी सोन कुरहा हरला जमुई,0672d96bb2092515b278ad60bdf875c7f249aa5d539e9774ba544ae42add6fad
594,कुथरियाहाट बांका,793a08b32fc04fd3f74e90ebb73cf932ed1c16a43b14ee179432b58b9b10e84d
595,कुंभी,edd7376d157bf719e3d0084dd98f77d8170392e0c96ed0beafb6140410d1e362
596,किशुनदासपुर - भागलपुर,8b832b01213d78f7bac8ec71fada600b751db45913f3f7e01d6abcc69bda42de
597,कुपोषण,dba9f6c5fca49a11d494b7d95dcf48beb85fb3234b1f71beabbf09a2d797f362
598,कुप्पा घाट,60ba3ac3510fc61af4c7d2e9b6f03a6a36df8c97d5961773153a168e545eff32
599,कुमाऊँनी भाषा,c349fe929a91c7cd49ea80db2e7ff91b71ecf499f662ae8bef0000707319441e
600,कुरमाली भाषा,43f8240952932fbbdc43d3a743d248603ecce282b5afc2501485de06bebd4df8
601,कुरान,95a52b4c9c9f2236b2f1381a3928eb1fe86b0f37901d5700aa4d093f354e6ac3
602,कुरुफ़,22d0dc974ba79a1a34ee0329e506cc9e58798e28ec94008f7fc58d37ce11da77
603,कुर्द भाषा,d19daa23462d8c099590be0114bb4a444a0d8c6fba0a2b87361feae2e4f5dc50
604,कुर्द भाषा सिनी,29e14a7331c530642987ab8d75126c1782b4cc89bf0b7e44a314000c8ea3a771
605,कुर्वा पार्क,b78acf1dec4a3a6707a07a9efb99427fceb6b17688a1d24911ae5b390f13ccd2
606,कुवैत,a9af1a692c8ff1210ee8c6c6df61d6658a7c8be12b3b61751c48fe9876d6dd9c
607,कुष्ठ,6da59365d69190ba73a5e553ebc387620661ef07cbbb7a552e8804d63131c39e
608,कूटनीति,31909990c9941a7c72b211a912ca63227296eb25d94a4b7b7d8fe75dc7e8b062
609,कुमैथा,5e063ae62502a210a35a5ab64d920ec47b5c0202837b27aaa9ad737cbc2ffd54
610,कुसपुर भागलपुर,18b43352e524ab90c83db071f20c8e869c1ddf7abfe2d29a238ec18e6fe49448
611,कुम्हैनी जमुई,45e59abca4509b458ae672422776665cc5f66a26c45a1eb12aca28cca188b30b
612,कुबरी जमुई,3fbf0ae47c1a6eb50005614d672f0be9c22e699ce82f34c49c59f197a82bd8a7
613,कुसुमडीह दुमका,9e2c78e825249e3df756903394527f65ff7e9e1d622426c5492158f4c9d68e2d
614,कुरवा दुमका,68aaa470641132168c76d5a4f60e9f2581b3fcf192e269aef592c17193d6803b
615,कुल्हारिया दुमका,08346e4a84e40177c471e30acea6ac445f3c639fd29570c838672c8373d28757
616,कृत्रिम बुद्धि,5536ec32cd6c9336a85079ac4479f42d163201d4c8515f3f42660ab52922dad9
617,कृषि,e831329b3e42a28765f58ff2215a9cc7457d59b66bab7d37920dc621f532a696
618,कृष्ण,aa03dc76a134d95b3cf80c9017b51ee951fe08bf9911b8515ad3583729102da5
619,कृष्ण विवर,0047038f05afa1be4b2fcb96eaa4caf052abe268b6c2c3f159331988f09ef49d
620,कृष्णा नदी,48b3f441bf717e71492ed34d2f408fa196eefe77015cabee0eb7a5761284702f
621,केन्द्रीय विहार,d515d8849df073622ed22b54ae80c1e2f0b8cb0bb8319a391c538c1ceb4dc573
622,केन्या,bc48cf617877774894b1a540128737edd51b910dbae85b5b142f6996f921b707
623,केप वर्डे,baab6d0c9aa7ea952c83e9394db299b2f5715981084f9992fc5b761232dd024f
624,केय्मैन द्वीप,5f76d430b01c00145e355c2eabad7250770c9abb74100949aafa67abce28c185
625,केरल,c8d74bbaf052c67337d060147ded5bd2d3aeecaa4609fd3f89db4bed3a55b4a7
626,केशोपुर,fac620e3344cd87e1bedbd3329c97cceb69ef129e1df6116f20092282b2598a7
627,केसरी,b2a6dc15a7b4c34be32fc1b6475450b463f5df494c7c278cf7725f3b04024142
628,केसोपुर,c86cb1c9ac65755e92d10fe8b24e9f23a46629ef39f70bedb44b8515c5d597e9
629,कैंटोनीज,977a10254c4c4150658336b2ab425564e34f65fbb3546fdb01edf794d616b870
630,केशोपुर भागलपुर,b435f5cc47a7fd459316b132bc9dbc9dfb0f82dedce0ba230272747e7fd9f5aa
631,केशोपुर जमुई,7029b81fc002a3769e38e2fc99bcbd9c5c4604452e8aebf9df4d4f89e55bcc09
632,केनुआर जमुई,d7a150b9deca1c10d1f7ea8aea3452c9d066128d037439dd304e08f14bbd1e6b
633,केसियाबहाल दुमका,9420f6a010cc2203ea5592b826a68578ef927aa7dfa53652eadb67d21948cbeb
634,केराबानी दुमका,4b77eeb62fe214099cb4e84a46bb9483e21daf4ab440bd2d98e79584a554ecff
635,केंदपहाड़ी दुमका,2f923d42b55a4799a67ec95de9bc7d75ea8d34908e522a7f4d546a0ad5e0485f
636,कैटलन भाषा,1bb4b650b39562d0a8c85cae96b73a308b041bed8ffceefefa0db0e4f95a6580
637,कैडमियम,e6eb2be278c15a9c26fb29ed4585f6953d96828fe0cf91956f864ebfa1396d13
638,कैथी लिपि,1b1857dff9ae29f37eec92d6a86c4369e390b52d1867b418baccf3257ff71876
639,कैमरून,64a2b95f9022156a109083723248266e83557bd25c13d2ba0da5864d102caef7
640,कैमूर के पहाड़ी,5e1681de80d5c5a092bab6d77e963e2af240c881a47d0735161dc89f4db54489
641,कैमूर जिला,c94c5cef30f6562f00c8650f27e1d9f8ff28ea7eb0d52c3a53e476d98931c27d
642,कैम्ब्रिज विश्वविद्यालय,a79ebf894c41ee45fa864d90ce34674e691d50cc0ccc4bd671748b0b71b4d191
643,कैलिफोर्नियम,814def59ffe274edd3a8fbb60e2825ca136c8be576909465ba51f09f2eb2dcc6
644,कैल्सियम,e51f50d987b557d6e6a07638836f9187d5f38c903a34df32f1666e182a0add17
645,कैसर विल्हेम द्वितीय (जर्मनी),6cb366408a3f27f3362f9f298fd8ed6e9a492dcdfb06e8b66d99659ec416e081
646,कैसे कहूँ (1964 फ़िल्म),fcf34f4973e164c8595895ae55401147626fc75a6a3836ba764a932b5c690107
647,कॉन्गो,f3ebcc221003842838ed081dc4a494fdafb6109dec5f431e82d7208a2855bbeb
648,कॉन्फ़्युशियस धर्म,0bd2a5687c4865c66ebaf36690adfe146bd27b417ab7d525a8920d2d2d2a7722
649,कॉन्फ़्यूशियस,817a98f3718812070df69469cea33d241889b792d75afbcbda1a0993f1dd1613
650,कॉफी,bac3ed4ad76f99e1908f0f5baedc60a32be37a2d339e634aeb5f1c2be165c7cd
651,कॉमिक्स,b931111f677b27720836a93c832c5dfa33459e1530c77a86c06acb9f61415d05
652,कैरिया भागलपुर,614a2e9ccc21526d37c317e43fe0ad5e0541b284cd71d2da19f474afa01e6cd4
653,कैबरनेट,974424a357765d420ee0b1c9c949a81dcc0842e37b6da4077c7d1b7ab033fbeb
654,कॉर्नेलिया सोराबजी,e8d1c07d2dcbbf487e6ed7227d8b94c7c96ba9441198cf970bb8137dc969974e
655,कोंकणी भाषा,522b3fb2a0254ae10baf2ae8bad0b59a7e9de08fcf053414878d163244082bf3
656,कोक बोरोक भाषा,e0e40f37de2097ca26f18b6bc94e1fc8b5d100287032d95311428f9a9f53238f
657,कोका कोला,91f589659e7247e85636e7f1a84bc5a77f3b48ac72b6976df9aeff9858bacd3b
658,कोकोज (कीलिंग) द्वीप समूह,f109b437a8095281583ff3c58354e7b31cffceccdad974d858e18f65a7934c92
659,कोकोस मलय,db5e4aae96757b25c419f67921aedfa479c3dc7edaf41b40882e192dc4ca6150
660,कोडरमा,8e59f02797c3c8fe97d530d64c9ec4078b029b88745e0826da9116c9315ee82d
661,कोडरमा जिला,6d3b55d725f58cfb71c7fc284009d95c5a5b632b8e8c11460b5078f36f36f407
662,कोडावा भाषा,973757526c01af56657a403b54369d8e714c41c73291de42ed632912be19ccb8
663,कोपरनिसियम,e6eb2be278c15a9c26fb29ed4585f6953d96828fe0cf91956f864ebfa1396d13
664,कोफ़ी अन्नान,18d4b979bf46db09d0edea3c05219c5265cbaee9097985515fdc8be1df4cb5b9
665,कोबाल्ट,e6eb2be278c15a9c26fb29ed4585f6953d96828fe0cf91956f864ebfa1396d13
666,कोमोरियन भाषा,2482acde492dd6dbb4db3caaa77f6897b3457baf3dfdb36508598b09f7f15597
667,कोमोरोज,815f2d777c8fe155c203f42e79e253937f0da83a0a6c68d5d41513c67903bcb3
668,कोरंडा,6c907a3894860ee97ea0378740c824a8e159b54513bcbc9638dbbbaa07079812
669,कोरकु भाषा,2da4eca7571ab165e643f78b7c33419842166f87ecf7b8ec2862df9828073768
670,कोरियाई भाषा,5e595651856757f93bd324b6928b510a6d6e4dfcce3bbc9e6eca05e914bf9b0c
671,कोइंधा,309ac4bc57e86ddfb1721d864bc944460f45affc28d27897056a9d7ec7605ac2
672,कोरिटिबा फुट बॉल क्लब,a719efcbd906a94716c288aef68cc67a580cf4b1cc02363444a5480b3e2b9d24
673,कोरियाई सांकेतिक भाषा,78288fed0f984886d3d3f5e4a0719c4a72494937fd75685e1592cc7f34b20d1b
674,कोरोनावायरस रोग 2019,6f89d50277bd98a895d3ce0b3ac8ac736dfc907fee484c965b28e805a2409786
675,कोलोंबिया,652e1ab480c76c97c5abef097b2874a8eebe405b9d1bce9f1bef1b7217bc5c49
676,कोल्हान संभाग,0268944dd1e065894e3969401cc6e679aa617cb94ef205cd4fbc01e9b27f2b89
677,कोल्हापूर,d860d3358f50e39968ee320b97c92ae53ceadab2366055fa6c6c18ec2c2be34d
678,कोल्हुआ लौगैन,61fc617dd6611266975e589d3ac78c422cb3c0ce18e63026d75515ed4fe2c6b4
679,कोशली भाषा,ac31730891be42066776a015b56d320b31c5754b00fcf0fb8166ed8079e8c54a
680,कोशिका,1fab215b264a452861903f68448789a92492397e157f1620767cea5454fd8b7f
681,कोसी,38689a7f20d902499a2107e6b61e820ec458eb1c927651598e07a5d86e2e7412
682,कोसी नदी,0dadcf81279f884f4eb4effa644ddabfccad6d87f41dac1e2f56e980c2892a76
683,कोसी नदी के नाम,e8405fc4890e51e2bd5261d1df6afff16fa827966e8d2cbed2b39f4433dba691
684,कोसी परियोजना,7a32564c5f0f46f9eddfa8bf07513cee3a0e2866cd95d9c4437c30bc38e533dd
685,कोसी परियोजना का प्रारम्भ,472dea70052bfbb6ad9a19d9a660034df9f84148d5957b474aab54b2c24c1459
686,कोसी बाँध,152311ead1541619393b828a83d35794f8422bd13152d06df1b09da67a3a59b9
687,कोसी भौगोलिक स्वरुप,116982d20124e4893a58942ad42be20b1c610d6b6d67e6df9810f48c805fc482
688,कोसी मार्ग,8bb08ba34198ac1bc6df5c833a493fff405bdca48bd19771e37076dff596ca99
689,कोसोवो,4bae1da331249595f32aa5ce5bfc1921f86f519e8e593b0e6f073d7ad96cdc42
690,कोस्टा रीका,2170efca76da6870e690351aaf91cafd2e1ca64fda76064fdda3c1ce4c180e32
691,कोल खुर्द बांका,2e3613ce4b9849dec67b8b613a1e9cb949422e1e8dd60019da4dd1db04606ab7
692,कोहिमा,4a177908e9f1459a05b9ce90addc6ab2c994acc2684356d24388b691dd79e39e
693,कौकङा,94ef73aca0857c13d1ec5abe6456286e1abf65540e8454e5a3710816f2f39ef4
694,क्यूबा,cf81d19c5c40e688a8ffb8606070d5da294ec589e70264b8d6695575a97e8074
695,क्यूरियम,9b3db694c5631a2420cf9cb486b48b163700c2fb84de9fb3e686b47b39803950
696,क्रिकेट,a6ef108c9de6d5d7cc68454b3715d7cc7a58db855157a27d0164d61f2d814fc7
697,क्रिप्टॉन,e6eb2be278c15a9c26fb29ed4585f6953d96828fe0cf91956f864ebfa1396d13
698,क्रिस्टोफ़र कोलम्बस,006f743e708858e1d821226e7be28de8fa31d99190817f0e5ab53d0ef9a878a2
699,क्रिस्मस द्वीप,df72f4004894b12f7d42270d3d51b5a9b22bff8b4e7290207df13f774258d79d
700,क्रोएशिया,195259fd7cf4dded7448ff8e9f83d704688ef90978de34bdce88e856cc5f9a81
701,क्रोएशियाई भाषा,d19daa23462d8c099590be0114bb4a444a0d8c6fba0a2b87361feae2e4f5dc50
702,क्रोमियम,e6eb2be278c15a9c26fb29ed4585f6953d96828fe0cf91956f864ebfa1396d13
703,क्लियोपैत्रा,e0ad3681fb9d772d40c37dd35766174d818de83eb15485323d9cf163e1c25886
704,क्लोरीन,c88cbc04d7609f851f48dde9acb95b17e2f22e102a357488710ab3ce391d6b2b
705,क्वांटम सिद्धांत,750a15de17d6f7edc3d33be95f1ef35840347c380b1cb6f10cbfa889568cefc5
706,क्वामे न्क्रुमा,7fb846fd3a566beb897cc14ea3f0b60a42d3bf77d3e4ff54a552c997e97e29b6
707,क्वार्क,aa0fcf91d31c9337942fe208978dda6d723f2bb4ad043ded8f341e2b7f4cef1e
708,कौवाढाब दुमका,567edc8fa6daf489092d558b2fc134a60c59f11689e29ace8811627807134143
709,क्वांटम कंप्यूटिंग,b0e02a045106dda5b5ce2d2f956c16b9185c52a723332392f7dfd43f9c7b384a
710,क्वार्टज़,a934a490aa485558a46e217e7cbb89b65390e403fc8651ef50067c0325804505
711,क्वेचुआन भाषा सिनी,d19daa23462d8c099590be0114bb4a444a0d8c6fba0a2b87361feae2e4f5dc50
712,क्वेशुआ भाषा,4cc69f47ffbee845bf6e61584c69b1661dd097c328fdaeb56e5fed457f9a46de
713,क्षयरोग,fe3175c492f3fd4f0f86f5a0d853ac148eca37905ca58b6e0744922aeb2b8d3a
714,क्षार (रसायन विज्ञान),b51c026da5e5214c4eeb4ef629b878f66041431b106af43f4954b485e010a0f8
715,क्षेत्रफल,6d818409d6e1b161ccac7ad0f91e166e3a428ecc560bfdb36da6dd1a47dd42ce
716,क्षेत्रफल आधारित भारत रौ राज्य आरू संघ क्षेत्र,7f9975397e5adad8e1d970c2e8e84c2d5bb6f551c47921183893750107a2bd40
717,खगड़िया,c474e93321cde81a5911ec1c87f06407871d3d6b7d58f5506b3334c8aef74fb3
718,खगड़िया जिला,18e6b97660d92414a192a0586b5cf3ade08d54abb1deabb6b493b46d5b744d1f
719,खगड़िया वाली भौजी (2007 के फिल्म),d0e333002cdbeafda59a24bd22c55575ebcde2a158677b6ffc9ba5d8f4c03a09
720,खगोल शास्त्र,2d2a051c6f0d53f09039d70a01fc0f8d58f1eff4aca14afc8150749672c91dd1
721,क्षुद्रग्रह,d64844eca9970e03ba8d1911cecb9420a9c885f9883eab8b773b30b9aae4a044
722,खगोलीय चिन्ह,0e831956d0daed0101024bca1a49f7daa453b99ac881ced8f10508cf401f7485
723,खगोलीय इकाई,d8eb8355c25c9b47f222d5d32261a62c2f6e6cf9e898e489975fd2c53198c8fb
724,खगोलीय वस्तु,39fd2d844db9088b2605d6a372d7b1dfb43f6489f3d11c04187e9848c8bf763d
725,खंजरपुर बांका,18310e8c54b221f28c3ff58d3263ef916389f184b526eeb9d6b1c2061bde17e4
726,खड़गपुर शासक,23c14b4434c051761f99684a4719d727e586c498a31507eb87705c393dd2cc5f
727,खतीब चक,535cee57a26157956808ee97efd715c05cbca967ae4260fecfb5b8d03ffff6e4
728,खतेब चक,a10782b7b3bd14e7091ceb646283265461e498d206d5b2aec9cbd69ca1442742
729,खनकाह ए शहबाजिया,45d28b9163f8200a44991f916ad611368378e741f25d71c84314c44bc63f35d8
730,खनिज,606b205699bfdd4f5d45856c6ccfd02f03716503681b63333caa91fbe27cd94f
731,खनिज तेल,b5363a8806007705324c87a5c93044953f174942c4812040350650dc6ebace6c
732,खमेर भाषा,170ef3df0a8c0516114dfc136ef428e30e3a1e4ade09af581e62b91fe69f2599
733,खानपुर (सुल्तानगंज),cdace4e61b98a925512d8deb9efd9b96e93a41e74c88a0b6e185a789b8c11f75
734,खारघर,0ea8eab1f917d4dc8a49ed3ce80b11da397744dee386a6c8d202f655b3457f84
735,खासी भाषा,abed343960effe1cb1482ab241f145e52b1727486d9ffa918d567a78be4a9f55
736,खुंटी,0e6e6eda30451dda3fd906b0f058c11f8199a2a03d50a36409a803844b17767e
737,खमेर लिपि,500a0f55b2c18b83be49e84cda97fd10ef6bac538a5a3504a77ffc30c7bf1d17
738,खरोष्ठी लिपि,2dfcf89d74a4c94da6003ad4eff7821cd57f64c0b444a00ad6ba7e4bd5159f53
739,खबौनी,a6e2ccd2457f9699c88b7945a0c85e328132b3f4d9c5ddbddde0420f264c4fea
740,खरगपुर जमुई,99e01e6c621c7299b1ea8f2c9fc5bf6c6f3ede4c9b2d185ff84d7992b5088f99
741,खलीला,1008a9a7aa44c55037619d08a620db86a66da24afedc669024822e171647ee9a
742,खानपुर,6db350a2d69374b0d2184be84889b2430e2947b25a80769a2fc68910a530ef56
743,खजुरिया भागलपुर,14dc0110a2edb1fca44040195e4a8efd73e121472aae2c77cbc56708dfcd2391
744,खुटाहारी भागलपुर,4c21f4ef3bfe7d222de9ec767f8673663bbd9216ef92766b43a818080d3e1d1b
745,खटांगी दुमका,a47ca9e999e6e925adc2992e19fbe10a1c53878a27c78bf6eb31d556c7924b8b
746,खुल्ली,db5fe6d772ae963999225ab43ae0a039a2781b2f0995791fec135f5a9ff9849f
747,खूंटी जिला,fb66a3f7f00e6d60737652a04f0b88ac4192ed8b84d609ca55691f8696a62cfc
748,खेत,9af28e96671902d08097e80af3594ed40e1878f0934bfb800c5d67b823564a91
749,खेरैय (शाहकुंड),7bb03beb42090e4660a17d72c8facfd2f27e42464bc16275ace008a8fa2440af
750,खेल,adfa40d07f55396e36451904c2685756bada23c4b81261a468f781ad66d25730
751,खैरा,64899484286557b6c877a7c5d764d06121274250076190a68cbf8535579baf06
752,खोइसन भाषाएं,e696970b3b87bb7e41d45bba49705a363a4bdde66b25ba92239fd1791eec0de0
753,खोटा,513aa11999102a783661abc107246fbc72abd80cdf33c1a42f6fd7041af14900
754,गंगटोक,6203d7536e3ad4f118812f446beb07ce975e02d9506e26665af7384306c4195e
755,गंगनिया,ca56b82059154ef8ebe82905abd4c16aba05f0e4db090a8766d59bf7efae5e30
756,खैरी जमू,5a0c24883628f8a56f0709a04bc65eb351d6a75ae57851435610f544290c4cac
757,गंगटा,b3156d079fe919d29f3fd572b70cebc0f14ef5e5747f6b0b3b7dcb30f674def5
758,खैरीखान भागलपुर,67ca90ee058305f714b1394cc6df56484f1c5d38bfcf4d7fece8ddd1f385bd29
759,खोजा धनौरा भागलपुर,0679516ffad2e5d416791601eabcef7c91c47bf45dbc1c03d73288b880260f29
760,खैरन जमुई,c7f651674e5f2c57e39b28cd560c71b9f49df1fc475cbda37da01d1eafe8218b
761,खुरंदा जमुई,06a843fd24a174df325d6059a9706cf368df4224c59bb3b9a4a67d5656de3d89
762,खोरीपरास जमुई,bd1873abc8d600a688d2530d9275ccb0e2e8f43b47ab78d8cde63b3f1ef6d239
763,खोएंछा,56368693bf64ae166a22bdc1613f7d5fc20a4af4bdfb1ca5a4b2ea8902bb06d6
764,खोसलपुर दुमका,a81d80387974bd5b6ac6acf2c0a52c58fb9ce318cd5bdbb0cc56a472dc38f6ca
765,खेजुरिया दुमका,0dbe73d8804622f012ff93597481991b89d219a3ef080a6be22d64c690b341f5
766,गंगा नदी,69559e864541773b18d7a45484aa1ca17ce7120d7b8f08989ca60840b054caf1
767,गढ़वा,d68edaddb3d91b5a1f82a1e28d26b8b3fd3b45c9eb36e003f058b4a37eb9fc5b
768,गढ़वा जिला,6381acdcd6fa6999c7f500526ba7cc78ed8274a0c879e6b37a738b824c642ff0
769,गढ़वाली भाषा,7773c6e1d2025e36fc4fbf244271c3d5a76326a42212ae2ee31272d93ad36727
770,गणराज्य (प्लाटो),24ac10dcff6945d11513a7091b98669bdfe1acbdcbd31c7143096527f11e9918
771,गणित,aa441c885c50f0145295b70b62824d43d8bb1a166a7634339b5aaffa39f77817
772,गणितज्ञ,fc3f7724ba24738ae90c5aca857be6636ef48677de47679e2fdff005f6b0a84d
773,गन्धक,f2ba9f3c4eea88872835e1726e3eed9809d07bc45dae2c35888412875b2cc0fe
774,गया,e18f9ce3736b1d48cf84bfe97b889e9277c1ec79da81b1e84bb687450be02033
775,गया के इतिहास,9941ccaefcb19d9ac6a6f4ebe6009428d2745c8162f3f0176a8c5b492143607e
776,गया के विष्णुपद मंदिर,b208676049a546fde69bca8c81d0b3bc19eff0fbec9cadefc36bd18d057621fe
777,गया जिला,73e9444a69b0acfb4feb3a679312f22a7e2094be402b808442f27e3bc976f28a
778,गणेश नवादा,02d1a2af4d095a55f72fd325206d73a6114b3b4abc5419bb5dc28da194803c08
779,गंगापुर बांका,edae065a028d03c45ceddc91037b916bb01a4eafb70948cf6e1b1446484519ad
780,गंगानिया,f886f28105844488a64b323144ec78be32f28a1f4c55eba590e7730063b8603d
781,गम्हरिया जमुई,0762cda4464c508920ce3ff0bd94eec6aaf69461d9acddc155f9f113b1d5ba57
782,गंगरा जमुई,94333d525230ceea9756429bbd794761df875c66b1bcbc999a4188afc5f30016
783,गढ़ी रामपुर,6928bfb298db594e395339deb8f5bd7958445b54fd0774f8b3a61e5777656d7f
784,गंगा राम सियाग,7b88cc0b11ae76aed820c6beaf344555df168f28094abb95d4f2007654d97c45
785,गया बिहार,92737fc66b8e7f0f96587b99aaa48839f861cc4306914b83e1e57974c9588fb4
786,गया म॑ श्राद्ध करैऽ के की महत्व छै,32b4a699b67c9c652b38558bd83edf4bccdb5b3a9dc90ac1f01b5f08b1a1da43
787,गर्भनिरोध,c1b3e179352f6196d15e3f8970eb3af72025265d2d1e86ac34af78795a63dc4b
788,गर्भपात,1ab86958beb0ae5cebc14be5e4f14bd3cfb83215ec1fb962661873acf8e1f68c
789,गलगला,810bc92f1ea886836e09b7646d612d2e4cfa0bf4bceb817bd21bbd0676d10946
790,गव्रिलो प्रिंत्सीप,b02288a911aa1e937fb247f20e74c8270ccb67e9be66700de97266d723f2591a
791,गा भाषा,d19daa23462d8c099590be0114bb4a444a0d8c6fba0a2b87361feae2e4f5dc50
792,गाँधीनगर,fd9049d9f03e181ba4bc72fac28a67e6629541b9a0424c2296c0e228f35dfc5e
793,गाँव,97ddaf85daa732d06f2d31718c34a444f1503941336988b9b748ccc1011299d6
794,गाड़ी,6640c4de2fbb80840fec158ec2b2896718542e39e5328673626b043a6a28e746
795,गिरधरपुर,fa62018f55903df4c1cb69aa9abefa8c99af310b22d3d013d60e305edc24256b
796,गिरिडीह,6c5bac4cf4135944f2ccda381e20e8174ba2ad2fa80a24737a840476403cd9dd
797,गारो नवादा जमुई,08f82608b3ff4bfdc5efbfddcd4843ba2ca5caf766efb686f3d676258dea9775
798,गरंडी,d78d01a83014569896a01e2bce5bbdac19d32977780381159ee25339fdfdd001
799,ग़ाज़ीपुर,35e78329204197a3e08a4df1719801828dd794755a1ebaa1a880a0aa19a3f9f4
800,गिधनी पहाड़ी दुमका,a0fd96d33395cf8c900a828e92059ca4202ab31f2962c47dcdd54cca1919a0fc
801,गांडो दुमका,ced0e277e664c19cf523c0981c29569dc1e3398bfbed82471049bb551c57b3cc
802,गिरिडीह जिला,72bc20928946a9cb8e34fc01dff5809622452916fe12360a1ab0c3bba735375e
803,गीनिया,c75bac0d26da4827858a691f47b76cfdb2832c19752e9212f85c7548de8e01c7
804,गीनिया-बिसाउ,462385d797411ae3de8cc840fe571ba8bc57e9f1b8697678707ad8ec48d1c719
805,गुआम,6f5ee97c25300efff39f455795d8c19f361bd766eced9b0fc970c2a89c009709
806,गुआरानी भाषा,de7435bd52a39f6606c257f950e61d52c46ec3b397cd578ff74d941b0546bcb0
807,गुएनर्से,25bf4ef42892c63e0e130ceb413d73ed89d7a429068b4ce10ea28cd060dee02d
808,गुजरात,5a4b03fb3fe94e0d6d5356cee575b784ba83b26bd499de7780e388dc259f2be8
809,गुजराती,eb002e740e2a4b87f1868c43e671a189b70d31e5c3131af8f8eb150738692499
810,गुजराती भाषा,56b63e790413675e0563c5cdb69af8cf729500b72d0a1e51aefffdb581b8a5e4
811,गुजरी भाषा,f667740b8a8a5fbe2a164e9502c0535b1d352042c1504a1a67ab1f31b7fd5f44
812,गुड़गांव,1929ccb06ce90dbeab765b535717d79ea53abf46aa016c2ff11073c62f9e16dc
813,गुप्त वंश,8323ce634aceabd42609753db9dbc71ce7be1ee897197f89c4f6a7c03655f6fa
814,गुमनाम (1965 फ़िल्म),832b94925746d0b236131e44c3a9de99171d10de460fe1883a89a317ada2bc8b
815,गुमला,07369258283d382cc17a4aecc689cab60052f5bb4f9b64060836818effa83a11
816,गुमला जिला,5724f76558257c04922d29b3f55804c154df297a9c66fc8f01f4e69c2c1d8dce
817,गुम्बज,fb1b5f062ee30aaaf626ca9f4cba1f0cbcf5cba6c8ae7dcff0ee9ba8f7a18bcf
818,गुजरती लिपि,730a7dab5711e51bd0757e70c9f9a51446221c35436beea8ab65b40ed27ba961
819,गुप्त लिपि,387f11586a7f6a64794f37201dc2a46ac5ddd435d9add4742d50f9e6708d6660
820,गुगुलडीह जमुई,fa59dcc40f2b3a2237cf5af8781e9ccc67f961070ec6d8e1d868ea3edd7a878e
821,गुयाना,1e2ef347c214ff98bd71217a26629c625edbcf15917b0c51b4408f1509d9d552
822,गुरु,62db4927a9db58452be78e62613138c5d995ba8c495a084541bf8ec827d407a8
823,गुरु ग्रंथ साहिब,144ebc7fcdccdedf75d00e5fd229a882cf61c40e75cd9b89cacc276b5f3508b5
824,गुरु तेग बहादुर एतिहासिक गुरुद्वारा लक्ष्‍मीपुर,a648d77fe412665a7efeaff5d8b74b84213c9cc6f57eb13a63314d7d6af421ae
825,गुरुत्वाकर्षण,0af1798513843fc51136e88bf8eb4f3ae71c755fbec91b42ea8f6a41776699b0
826,गुवाहाटी,b10ec34e08894ae0e5d97df0bf092fbd6b835e995af73677fa2395bc146aa0fa
827,गेर्हार्ड श्रोडर,2c1d7a9a62fcc8e7b1b8debfaf973a6a0eface0c48d6944f275b13ddbd341bd9
828,गेहूँ,e3783de438a64df715d22993649da471d8c470adebf081adedfe855658a2570e
829,गैडोलिनियम,c93612b157ec76edf7ac83acda3a5043fdcbe117cfc49cb4efce5d22be2168ef
830,गैबॉन,e483b17b23c08682adfebd5dfdcaae0ea7abd6e7cc302aed4f02d79d59ffceee
831,गैम्बिया,17edc0257d4f79b12e4a9ca9be37260e445f27502c9bd059bcb4e6a92f2694c1
832,गैलियम,e6eb2be278c15a9c26fb29ed4585f6953d96828fe0cf91956f864ebfa1396d13
833,गुरुमुखी,234fbef9861c8acddc7ba406414a4a46d804eeeaff6edb9ecbe0b88e5a8c868c
834,गैलिमपुर बांका,e5dc74ca7206bcdf3ebacf8489d49aefed89e63d6e0dafbbcb1365294f45a40d
835,गुरुचक,9cbb895a7871cd9578b254734754e6c19a98d9058787ab54f20875a65a123644
836,गेनाडीह जमुई,da419ee277f69fd0280247878a2c5c3e868886d79941d6ef3c37378328b21075
837,गुलालपुर मुंगेर,54e3b959c9bc6589dc5d0f8bcfe3224a7ce1d18c0ce46c7bf983cc456ac723f7
838,गुहियाजोरी दुमका,aca0b4b48a597a61d08e5f75158319335f54b01894055bf55d6025de63b79eee
839,गैलिलियो गैलिली,c52ce5be4dabc6efe474a78adc8295f99e3765f95a97dd02ad8d8ae274f985ca
840,गैस,13357236317de685f788c4ff98832c2bc7a4a4ff635d69b41441eac9ad172b14
841,गोंजा भाषा,d19daa23462d8c099590be0114bb4a444a0d8c6fba0a2b87361feae2e4f5dc50
842,गोंडा हिल एण्ड रॉक गार्डन,b918e456ecffb72b362be1643e2d9fbe154c3844f3771078067c54ae140f82a9
843,गोंडी भाषा,898161d21ac2ec4069b753d3a5ca115f7f650f7eff12407637cc444b479a35ff
844,गोगाबिल झील,9a2250d07e918871677f0dec5ce21c03bb76177181318320af85e4abff2df5ad
845,गोड्डा,d0b389b8ddbc56ef8c6ba8cc247684f8e96862807e2be748b8ebf32e8b4aa9e7
846,गोड्डा जिला,7da7d919af5825463abcbf17512af5c567340a449e4362389648b9e1a20f514b
847,गोपालगंज,fb66c54d5f78cc8386552ca36345b25d0ae77f7f5e70f726d03f7d96a7dc3bd6
848,गोपालगंज जिला,2a489dc9bfffec5639b6dde06628a901abf629830493e23f116c1e4d4b873ab5
849,गोबिंद बिगहा,e1a7c37b0e10a9b021202210a9e4f2e7c0d741b7f006ba114931750e39d7167e
850,गोगन करहरी,ed3c7aec6e6fe539dae04373adfe2e46f3a1be71854896d1d829324c3ccc938a
851,गोपालपुर,5be38c380e09f4ce21ac70e24a890fe6989f4516e106e33395208c923af66531
852,गोपालपुर भागलपुर,404c8ce128fc5ba5c8d2eeeb706233359b5d77107b50a9ee95e08e08a182dd0d
853,गोदिया जमुई,82b2e37e5601411f5fe996e03df964e7acf853f6cd7e66f0ae99010b18f319c2
854,गोंडा जमुई,c25b0c408399b894499cd227850c59ac9472d02d35e3f5f89324238f1b481405
855,गोदाई चक मुंगेर,ed57f1cd74e9165a1ae941072cc542a2f09d31af1b47a40ed987f526dde645a8
856,गोदिकोरिया दुमका,771baacf03e9849afd832d9e23e568d0f86cb407a3d52b28d5a65f58ccac6688
857,गोदना,14c9ae3d7a7e5ef946207136978b8d246bb32e6483e58513c590f1604c7e268a
858,गोबिंदपुर,fd1cbc5a49b3020a4d97d7e34ff37aa4cbea94fa8b81ed829bd6cf4345f8417e
859,गोब्रेन,f5c036e72c14e47969f71119d6025e8d6df8c541aeb93d378a8c5af86b23c50d
860,गोर,52004228266396fdae39f7c3233ad0d3868f921bb3d735b0cc7b27e7638f915b
861,गोरीयासी,31fa21444a6869624b4ca05e9aba17ed0f5f63cb7a46aac0ba45cfb3868be846
862,गोरौल शरिफ,c55e0423c2c2c02f88094ac67d994acee930a71df90d0ea77a38c24b2c1fea79
863,गोवा,4f24dcbb6f1204efdba1b958a2266282be19f3bce810804c02f5e89bfdb186dd
864,गौतम बुद्ध,f12bf8f653145f03001787e63029af8282f1305a7e1574559a68eeda906cf6f9
865,गौरा,570f199a6f6b14ca9c17c552eff4cd990ff09f7cbda101c2d627dc796097b2ee
866,ग्रीक भाषा,cd5cd179bc499ffd833e4ce60f9a17f2d89fbea98dc1565dbffbd082b8ac70d0
867,ग्रह,9dc91b7b08e21d93d9d1a43c197b2953ba6d9d70301a10fe619c17a325352c43
868,गोबिंदपुर बांका,f5addf1fcad19446b417b472acc549e9c3d80551756dd62d79a07bed4b791acf
869,गोरगावां बांका,b4e7cc3d67885b54448ca4604387ae49ea7564b28d46b8beeea957caf7dfa815
870,गौरीपुर,22480182e09e87fb507562ae1184849bd165e7f94fa3574e49fd3911dba0d89a
871,गोहर भागलपुर,c1e86a580305efe5688aa8932b0394033947dddf0cc240def772f3520fddead7
872,गोबिंदपुर जमुई,f4a60cf89f98c0eba0e9d90667106d3241d36104d3cbf48e45f2eeb1a291af9b
873,गौरीपुर मुंगेर,cd7f9287672899d99f583c7879bd5aee36ff314e67dce4193df8d752d53762fd
874,गोलपुर दुमका,12db8051d91774ce3288cbf0cb041e0afaf04108053b19c8452043315e8843b3
875,गोबिंदपुर दुमका,13bc2728073856ade3b1189911078c8d2a627288fd16369e94ab9416271ec0a6
876,गोलसिमला दुमका,1f0c64bb1d153d9ddfd4d91a23ffc125c9cc2c96bce3476f8a040a9b02bf04ad
877,ग्रीनलैंड,a60affd1851e97c4b4b419ff8e26913af5aaf35aa83f57dfcc84f6d2293baeb8
878,ग्रीस,66398a2dbfe7636e34d5c12410109afd4989aa5b15638a34297511b35e7729ca
879,ग्रेगोरी कैलंडर,245d8409aa01b064984c9640d08e3abe9bdb17026baf3e14aac92f80b7c38a02
880,ग्रेट ब्रिटेन,13cb6de9ac010ae14358ca6d0091dd630cd258bde55713f5728f92eec47c4a30
881,ग्रेनाइट,3fec98dae35e3e06c415ed30c4601fd24e406bc24dda6d9caac19a69bf8fc721
882,ग्रेनेडा,1d3cb2e8c702822d00757117a85511eedf9724d0a1f05b735fc59a596fc1b4e8
883,ग्रैन्ड कैन्यन,c49d770737cc7046ff40ac1ce74f9acdf25c94e7c385c121a1fd610c62950ed4
884,ग्लेशियर नेशनल पार्क,ff990c70b97915c78bb1e2f4bec76e230d568e2044cc709727398ed4c03ddf41
885,ग्वाटेमाला,7e2747efdbaab84d0dbe15c700f81fbd29c19d596fcd18b26a463f62a8c15b70
886,ग्वेर्नसेस भाषा,04ae3bab5fea0908327cb99681b2b8b7de73d6162fba038853250c0d19eb2b00
887,घनशाम चक,28da8c97abe697a64df072b261896d724fb483ec4dc4c285860bc570e21dbb1f
888,घाना,a3017920064107f1e65bad58cc84a169b07655fd1d6fc8ef42850867427beaf3
889,घिरनी,6f7253e99472f283bc3f1ed9c52339e9199bec610a7f2bbd5926a3240beb61c9
890,घास,9db375fe607a649ef9d922ced40702e4b390c9897429e0d767d4d2cf89022400
891,घोघा बांका,a3068bb3d22578c20757df932b34ce34daf03da198d46bd27a962b658c5b3f34
892,घसीटीरी जमुई,79ce86dcd94a2b64febb5e6c9984fc394d0309167dd299f419e6d6a4ce68661f
893,घोंटारी जमुई,38f51e9518ed2e283ed2453346c2d61eace44c0dd7bdb5d82325b3898457bbef
894,घाटघागरा दुमका,f71b8340e5be29fd9d407eaab8475773db688967e1fa528cd8925d160c947560
895,घासीपुर दुमका,5a38e2d42e8b64667e09882f8d371847301133600119bfa77e0f4f3eddf2d11b
896,घरभंगा दुमका,696180ceab08adf4121fbbdaa2dac7fb31a13db8901de4b4fbd78efd24dab703
897,घोड़ा,bd38868b770c5e3e2ce4443c1bbc5e1cbabd4d81c7a36b30c59a517f3b6eb969
898,घोरपीठिया,0df73847a16a0465c1f2c5f22b0040f792a6dbb4d363e12c8236d8ac0d60ab73
899,चंगेज़ ख़ान,96e9b93763db6366b3913b47ddd9fc5ebc937b0135d0cfdc39690d79a1cc1fa4
900,चंदर भानपुर,f490fb5fadfa77bf72f88d2b8ab1102f09250de8d86da3cac0b61bf93b8576f4
901,चंद्रमा,d757344e7f287f24a1f3a6d8d2da7bedbb08665cf43aee9a5845d7bd745b57e0
902,चंपानगर,125917ecd1126918bdcdee0add6b15864e930f6579915c75d864271bfee7639d
903,चंपापुरी,cf80e9680c556ca1f54b56dd2b3ee37f212ed1e487218c73f657fffc8cd2e965
904,चक इब्राहिम,d6731ac1869012cb0013a4dea86395fcec88c7d8c8ea07dc05ddbd7a083a970e
905,चक भारती,4ba3cbef32315e5ab461d90c465794b905311bb32c9cc1140eb73c94acfd95e2
906,चकबीर,33608c6b8210c58bf5b8f31353ddda40affe81b5e2d1a2711e0287db699bc2f0
907,चंद्रयान-3,e7c9ad6405fba9411de4fb688a64585d6afbe848ca40f73e5fd1dda66100a1f7
908,चंदवारा जमुई,8a6579120ed4d0bfdd485312ea81c51cf27ff83452a9df997c6de5aa04d463e3
909,घोसपुर बांका,92b8380996a895c5ea4067ea38473301cccb311087f9f719b317e265f7dfbca5
910,घोरघट माल,29ed9aed7f9cc626a1095b6ed679283aa2109d0f6c6d239301be2fccf960e26c
911,घोरघट मिलिक,4a8375f91d1dc94f67f348fe93d949e376911bc489267dd59ecd694f6295a3e1
912,चंदौली,a3e193f6342b91c1696e689d0d81142999bd67712c97f77c57b9094658d2fad7
913,चकबीर मुंगेर,f638670484f74ff475483e6c950afc30b31c7923dc537129771af8cbe78e9f3b
914,घोरमारा जमुई,f354f883c074022b301f9f6ce537122004f153bdc79e6344ea346610efc1a54d
915,घोरपरन जमुई,5c43fc2e6e6d07042220bc42707c178cad5c1ea7db6dd2355aefa51e7ba39f0c
916,चंपा नदी,43faaa6d31339a781308f1ebce5751250824ea22013daefa20b3a81ee4e26f62
917,चकमक,c75ac0c53ab136f90a9fab57ceb1a3974d3a57164a7aa0b147c6af4262d6fe2f
918,चक्र,da56fd0caae50692d71129404f439bbc421356ce5593574ef027d80797231b11
919,चक्रबात,d2e36a56623dc8554d3ba9451bfbb3ef04060be04b6b83e92996a7fd3d7ba1d4
920,चण्डीगढ़,9347dca6562296cececb4881e7efe8bd361ba7758322180bd39f59ee36037da7
921,चतरा,8f0cc002d58f059f9ae64a0c9c5097585a70503f4b86f49e8e61d677cc782f16
922,चतरा जिला,1d91054a43e5d3b103e7ca1fb08d0d331cec5287bd79593a3777045532482d91
923,चतुरचक,fd0a9cac99759d7baa3620576ac9298d255db6226d383a33b36180f4d41f04ac
924,चन्द्रशेखर वेङ्कट रामन्,830728e8568dbb7189d75c9aac94ed93e65340bed79bf1deea4c977bd21ca92e
925,चन्नी पत्ता,62c87f2281915423fb16e29269b832abf09901e15c97a606327598d2d0246d0f
926,चर,2c62584b1ecff1ddbb1e6df2ed02c56bc086c35aec6416514843d81dc938d811
927,चर्च,79e6063da0f0b986a6093543a73ca3a564d4ae408d747e11a3dc2c92f314c25a
928,चाँप,18bb05e7c43237d23aaf2577b25967c7d919e997e80685b627a9827f0df209cc
929,चांदपुर,69229a09c6779abc02708eaeaf75e81e6657af0912e1c390900c8663381bc24b
930,चांदपुर बांका,a26ba445b15c7a2967e80c0e4062f2a433e80cc1c47ae6d32bc5b6ec4ee53933
931,चपरहट,861c7139318ef13389749136e8fca65c44942b23776aff9fe358f633c43cbcd9
932,चपरिया दुमका,659f92333a32fcf84261b0d8d86980af21dc1784f17470691e2252075582e5e4
933,चांदडीह दुमका,fc51616257c6b7998fdd3d88236c86180365de6fe6e4ad10e6a9000017423c64
934,चकमोहा दुमका,fa5252d1a050ef9f6531e1d8421ee9b69cd00bccc6e5777d3e5910f17fcf4407
935,चांदी,6d823e057186eba812aaa30819cbd96361fc6a9d1766be1bbaf57ea1d0cd64e2
936,चाईबासा,42fae1cfdecb8ab64c75fc0404024e5bf4149061a41d2fa6270407acff3daf88
937,चाणक्य,119e0ee3a7658f285e336f095303e1550d62dbaefa98a5d6a99231ea602d2463
938,चाय,29ace50ecf768e49af42c912da360a3cadfa2387e2a50fe1a2f12fb7cb43bf2b
939,चार्ली पुथ,e164f8d912fd00203f2fd0573004eadcbeb1fc5b567c3e60de3afbb0cdb759dd
940,चार्ल्स डार्विन,abdc2d53711a788581566b8b6f18dd9482cc2a3afc44470b8c9bc100accd300b
941,चार्ल्स द गॉल,3de87612aae315461edc76e585a7000ff6fd35d18e32aefef0d563ed6e674bf5
942,चिकित्सा,a35fee15911966a2297ca590169b422927613e0880373d5a5f50aed21c828d34
943,चिचेवा,a0f75ddbfe52434b2318988e1089605bd93bfa4d247410ccdad655ec7b6cc350
944,चितबा,560e3814bad51dee8f7f7df97985884dcc8d2c441968b8abbedc0639c9437355
945,चिबरवे भाषा,1ecaa430986a7c63088951c4eef24df82e279dc5efc70232b83aca64104e31df
946,चार्ल्स पंचम,873e50367e6e96a079795485e2c8601b7291e40d7fc1ad1a6a92f8ec0c37e4f1
947,चारागाह,9d54a5a68876626001feec0f93e2928cd770ea7d8cad077a1bbce161cec1608c
948,चिंपैंजी,cdc9c99741a220214b084d42f9b2d86a3cba475e8be08a87f78cac37ada9b299
949,चिम्मन चक बांका,8683ca14695a34da3ab86b06f926a3653d7a21cb99160653f3fdcfe386c8e619
950,चांदीपुर,ab6acb1951837f4c7af3d40906febcbad89bb98eed6e93c53a41c6a957e241c2
951,चापाकंदर दुमका,285dca837400372dcb1fd5dba59e83c1d707a19c6a25b1ae0d23094b1d2ea00b
952,चिमिसाई झारखंड,52d42bbe4738da0718a3cd37607ce756001c600c3221822747eb211e62f9309e
953,चिटिमिटि झारखंड,d6d61b3422ecedea3aeafadd05b8ba5e51e614df8efe3d83db986f1b4f1b1dfe
954,चिलका,242d5b67ec8ce839998739985f1553b6f22b3eb3e9612d3f28d8b4b5b483f9bb
955,चिली,e0d0ac75749134ae71566a6cfda76065713720cf90e6724074b4dd2a111a6fb5
956,चिली स्पेनिश,7ea19a27399049b3f1321a277855ab85d67c9060a5352e4d00023647da9cb031
957,चीज़,4697fbcb0b9153087a67692862d765f010b66c78dc98bf534e528e27de5b3853
958,चीन,499a5455cb3c43f6d40938c6720abd8fc24ecde0b3e0405805ae80bdbd1a8bf7
959,चीनी गृहयुद्ध,a339dd72f701b173bf8ffef6dc511c53ab7c983a0733b458c458bc3e27a7251d
960,चुंबकत्व,685460029fb4275799b7cd4796ee25f460eef9a908e98e52f0aa8489801a190b
961,चुतोनाथ,88b3f66e7c8fda5c981c7312b51666d996119305c6afd75cef24af4ed77874cb
962,चूना,5f5eae189d959a13a9f00fa47e05638fdd017f56672b02e2e89d73bfc1e13d18
963,चेक भाषा,d19daa23462d8c099590be0114bb4a444a0d8c6fba0a2b87361feae2e4f5dc50
964,चेक रिपब्लिक,2170efca76da6870e690351aaf91cafd2e1ca64fda76064fdda3c1ce4c180e32
965,चीरिंग,e8c36f93ddabb0fb42e18dd11767af422eff93bde24d3fa2356a38371a994504
966,चिरैया जमुई,2ff95d3905561d8c16af44f33cd0ab81d4bd8e632d5a2c15ffc0128f834ab859
967,चुरहित जमुई,6959d0267987220ba929877f8dcc121b32c2b9325aa73cef53cab44df02567ac
968,चिरुडीह दुमका,7f46c214f63675ca40f64788faa3062cd05358b79ab93290ffc7c5ff866e9199
969,चिरु बासा झारखंड,21bfec48ceda3710eef4efbb6ad48486ffad7a82659164dee87aae9a02b0469f
970,चेतना,df5dd96cbb2eae3b795b139c6861424d3feed36657a5fec9ffcd35b669aa3ca3
971,चेन्नई,a549363d7edc14f6205632e559922ef2c090b189a853a95847761321a038db8d
972,चेन्नई बंदरगाह,c7145d498274a05e0a4e52dc69ecc023abc3c7baae1a6b321a676d074f57d562
973,चेवा भाषा,219afc7f2302da56039404b67fefa12504e3b476f8a23bb34a01527582980057
974,चैड,f274f645f520c943da5844ab12da26854cf1692205de4266f2592ea6c558f62c
975,चॉर,c1ebe4a2ec260ceaecbfd678aaf3c53f38580cf6ff3427f15129026978c2f869
976,चोल वंश,15c5451007a86b3477e0e657248d8ac78e8e613f8eab6ee26cfaa47b28c83ba4
977,छत्तीसगढ़,0854f09f35a69b75894c7aea73b6820e95dd58c2796347517a209cc73b1730a1
978,छत्तीसगढ़ी भाषा,73ea300f076b96a60a6936af9d0f7923101c2a1c003402f79c98f76a940b6bb8
979,छपरा,e4e4e3790b189c2f09e72db15280b823853e0a3e785dc84179bce6fcdb1beb4a
980,छपरार,33578ac11a5fb62fcb2ce101280e6dd288b0c0bd323d4cc61b01013a9da9510f
981,छलिया (1973 फ़िल्म),0cd3155db193cb7fa716b3095b3911320e6c2a81460d6a3ec2c6cb739c886fff
982,चोकर बांका,5a5450843db175ed810fc9fa8b2feb1dec82d48686690e83728db49543ab94f2
983,छपरा अकबरपुर,e2ebd3d51e40ee2063a3f4c526891d428a8ba898112d1c464a851637c43a7361
984,चौकीजोर जमुई,89db4b225efbf4a55abda7a8eece7297bfc5e92d379fe5c7d43cd26afd5988d6
985,छतरपुर जमुई,447b7b1f544fe83ad54b3ce0fc18a3e7a6bcc73f5ac49bd8f0d98a9feb509aab
986,चैनपुर दुमका,af459c2588b44c1ab8e37e855566eb0590f6756dc1d769dc5168c90703db3ced
987,चेराईपहाड़ी झारखंड,eed34646076e3a3384fd3efc08a204f12686f8e8af2b1e0c7b91f1cae924c2ae
988,चेन्हो,be956b6f2d534d1d42c82ddd1bc69de4a30d0bba527d51951f39a5bc53587efd
989,छठ,ddf8cab60199e62121f921b7e2e6d5194dc4b59073bcae5779ef8a7ccb5351f1
990,जई,e5d92541b40495deee9621d936c608e16d47872c57c3211b2bc1b4495e5a6774
991,जकार्ता,7601284f06bef03e917204c8ad9e061c782d12599bb030ca64becacd21e31d5c
992,जगरनाथपुर,7a16d5ba959ba27cc4987c10269bb4e286f7de58ff9f9eb78e9ec478b2eabc29
993,जगरिया,a9101becfff57462f0fa85ab2c19183a28d8e4aa9524fa736554aa897fa00943
994,जनकपुर,8e5078ee98818cf2cdf4b879d5f8a0aa01bbd0657d39dd3dbeb766139382c4a6
995,जनता दल,ffbfa55251ca6fdd6593cb67cfc069ffe2a7b890b99f8e9188539361ac13f40c
996,जनता दल (युनाइटेड),a578ce3f0a2de471131d877dd2b7acb62cfda04f3681dabd3e6e0e18565ea7e6
997,जनता पार्टी,0709d028fca8e0280c3370638149bc5404c83be3633ebf3c86f138d368782fa4
998,जनरल गुरूली,7d160ad7dc5dff610ae95d6bfd4f1e9cc1c6a0093fd704c0e1d76ba72f82ab2f
999,जनवरी,82d379559730b17a62722d5503ec13c0737ecc97acc64e84ede71c9c4a9dba68
1000,छोटका,ef419de02564909595fe433b7263beb1f3209b7bbcce3710f9f51720fd43058a
1001,छोटका अमवां,6d8e3d73f118fd619be63b1d9c36f5df2437a6fbd862ae2317caeab2c5faf7e8
1002,जगन करहरी,f41b7fbc37e7ac1517528f61ea1c4bfedd553416b7cd7f7b0b9eb8da0802d8d5
1003,जगतपुर,b52a6146ec324a13f2a7b0d49d23fe5572273e42e9256a44f9a0c50fa8f0f13f
1004,जगरनाथपुर भागलपुर,3266ddeeb42f61e3888bb9bee627e2ce07f185a3a6aeb362ec5e6a7814d00ee6
1005,जगदीशपुर भागलपुर,5ab9d9fc73ec7217310accea7ef2df56108d70a587a4b289a43fb98981807e9a
1006,जगेसरपुर भागलपुर,b4e21f8640da51fd8119917392b050d0ef19a9b1e8ffd4aaa8bc97820fcb89b2
1007,जगूड़ी दुमका,37810a4de7fbbfe14f90706aa7fd62dd0811a952c3573dfd20ffe02f35d4c925
1008,छोटा अमजोला दुमका,6daeabba00c9242757d5858da695920d367b3b5c20aba780eb735f474eba9faf
1009,छोटा बरदाडीह झारखंड,121279a4ed7dfd4ade4653586c792bd673c20a1115bb965153f1005dab9872f9
1010,जनसंख्या आधारित भारत रौ राज्य आरू संघ क्षेत्र,fdbbfddb91cea900d0b8e5b12a7708f1fb48eafc3b140c23a745ede899192bb2
1011,जमशेदपुर,d3edf33b1aba7a48b6d523cdb344e81585c6c05dbdf6f3f3f5806c65c06d93b5
1012,जमालपुर केरो इतिहास,302def5eeb636d3a97673e15ef12e0b05dc5abc2134f6f3fd61045b01cb908f8
1013,जमालपुर रेलवे स्टेशन,5b69847cf21c6b00957ace097f1cee7573495e77f9395478f6f6cb3b69278a90
1014,जमालपुर शाहकुंड,eab889aebe03c52cb51b79a7950185734faaaaf8311a143dd0ea4135bb675f24
1015,जमुई,b32c9d651a5f4dd9d9ae87508c1288ba6c5535c83bd6a293cf9c1c12d59dd963
1016,जमुई जिला,3c3f6ec121a01d149f37bd52b4288ad2e58ae8a94dad20d0e7a3959a0841779d
1017,"जमुना नदी, बांग्लादेश",c09c91f2e9a3bec7eebb57dbdc91b163675220e978dca2db3639515566bc3fdd
1018,जमैका,efc4122f2b894107e6376f6e133fbe9a717987ad4b38cb28fe5448485ed6eb14
1019,जम्मू,6e92c5b28cdd44483861ce53954977420c92625d5dc872a04eddafb92c4d72d4
1020,जम्मू और कश्मीर,fe31b08acb54a4e3b805b23edb19cefc5cda999e1218fc938ccc4f1e61ae4a1b
1021,जयपुर,33c01f834996040e98f055900af83ca66d71ac2191c094675f76633a41b718be
1022,जर्मन भाषा,609f3a37799c18a7ec85b0c6658f9dde583ee647f6c2cd8f27891bacf16a201b
1023,जर्मनी,3d5702002ad870bb93605b25a7f6434d76d990522ae42f744a742afe2c9c7782
1024,जर्मेनियम,e6eb2be278c15a9c26fb29ed4585f6953d96828fe0cf91956f864ebfa1396d13
1025,जर्सी,b4c70df5ef259ccf291ee5bd4613bfe28245ba09f1a48ea4cf6810a9c5ee5213
1026,जराडीह दुमका,882f5c0f09cf590d06262d085d311293adc7644c9489c72e8de198da545acc15
1027,जपहारी दुमका,f5a456203fc8ad2b18937cd3c5a16f74daff0d5dabad9dec48a210da576491f3
